"ID příspěvku","ID stránky","Název stránky",Název,Popis,"Délka (v sekundách)","Čas zveřejnění","Typ titulků","Přímý odkaz","Je crosspost","Je sdílený","Typ příspěvku",Jazyky,"Vlastní štítky","Stav financovaného obsahu","Komentář s daty",Datum,Zhlédnutí,Dosah,"Reakce, komentáře a sdílení",Reakce,Komentáře,Sdílení,"Celkem kliknutí","Spotřeba cílení na shodující se okruh uživatelů (Photo Click)","Jiná kliknutí","Kliknutí na odkaz",IMPRESSION:UNIQUE_USERS,"Zhlédnutí s","Průměrné zhlédnutí s","Odhadované výdělky (USD)","CPM reklamy v (USD)","Zobrazení reklamy"
1150144300242585,100057410770738,"Prague International Chess Festival","It's him! 👑 The crown of the Masters tournament at the 7th Prague International Chess Festival belongs to Aravindh Chithambaram! Congratulations! 🏆⭐️

🇨🇿 To je on! 👑 Titul šampiona turnaje Masters na sedmém Prague International Chess Festivalu patří Aravindhu Chithambaramovi! Gratulujeme! 🏆⭐️",,0,"03/07/2025 05:40",N/A,https://www.facebook.com/PragueChessFestival/posts/pfbid0Z8rtL5j2cpWqsWdz4Rs9FgeVESXtVoCHC1To1i7774b9E95Zy7gtRoNns9M1Ua9xl,0,0,Fotky,,,,,Dlouhodobě,1067,391,30,27,0,3,10,2,8,,,,,,,
1150176966905985,100057410770738,"Prague International Chess Festival","🔥♟ The battle isn’t over yet! It’s tiebreak time for Nodirbek Yakubboev and Jonas Buhl Bjerre. Who will secure a spot in the Masters? Stay tuned! 💪 #Challengers

🇨🇿 🔥♟ Boj ještě nekončí! Čeká nás tiebreak mezi Nodirbekem Yakubboevem a Jonasem Buhlem Bjerrem. Kdo si zajistí místo v Masters? Sledujte velké finále #Challengers! 💪",,0,"03/07/2025 06:32",N/A,https://www.facebook.com/PragueChessFestival/posts/pfbid0oKyeXbAPjoFbLeeiWgPHU9pz1DgJh9QP9S9Lj1WkmnRooy1sZJe4LYjWjJtmmiN6l,0,0,Fotky,,,,,Dlouhodobě,1049,515,9,7,1,1,7,7,,,,,,,,
1150231526900529,100057410770738,"Prague International Chess Festival","Victory belongs to Sara Maria Sunea! Congratulations on claiming glory in the first-ever all-female Prague International Chess Festival Futures! 🇷🇴💯

🇨🇿 Vítězství patří Saře Marii Sunea! Gratulujeme k triumfu v historicky prvním čistě ženském turnaji Futures na Prague International Chess Festivalu! 🇷🇴💯",,0,"03/07/2025 07:59",N/A,https://www.facebook.com/PragueChessFestival/posts/pfbid02RUV2ECouebxpcsPN3rBRAUe884MUydVC9fz63yuyfEiKcFFdHkfwFoRkEaThM12xl,0,0,Fotky,,,,,Dlouhodobě,16880,1466,1788,1234,531,23,1129,134,995,,,,,,,
1150252333565115,100057410770738,"Prague International Chess Festival","The result that crowned our winner and set up an exciting tiebreak! Congratulations to the top players and fingers crossed for the grand finale! 🤞

Výsledky, které korunovaly našeho vítěze a připravily půdu pro napínavý tiebreak! Gratulace nejlepším hráčům – držíme palce na velké finále! 🤞",,0,"03/07/2025 08:30",N/A,https://www.facebook.com/PragueChessFestival/posts/pfbid02HbmRuQsKNN85oxUEeBZZBwEteD3maoWkTu9hPiszMcxwPxDerQXt6B61yQWhfyP6l,0,0,Fotky,,,,,Dlouhodobě,1115,526,8,6,0,2,21,16,5,,,,,,,
1150290740227941,100057410770738,"Prague International Chess Festival","That will do it! Nodirbek Yakubboev is heading to next year’s Masters after defeating Jonas Buhl Bjerre in two thrilling games. Congratulations! 🔥🏆

🇨🇿 Je hotovo! Nodirbek Yakubboev míří do příštího ročníku Masters poté, co porazil Jonase Buhla Bjerra ve dvou napínavých partiích. Gratulujeme! 🔥🏆",,0,"03/07/2025 09:36",N/A,https://www.facebook.com/PragueChessFestival/posts/pfbid038ESpR9oV8syHt6kknxzVbz2vLxfTiQVA1XBn2tP6GpDWzkoPK5pzGDy5m26MkMSbl,0,0,Fotky,,,,,Dlouhodobě,1004,526,8,6,0,2,5,,5,,,,,,,
1150361473554201,100057410770738,"Prague International Chess Festival","Prague International Chess Festival přidal(a) fotky do alba: PICF 2025 - Round 9 (by Petr Vrabec)",,0,"03/07/2025 11:53",N/A,https://www.facebook.com/PragueChessFestival/posts/pfbid0QvVAY3a74vywWtdAk6JKwdJE2Pgy1GuhC9pGohYEU4mN9VcGsnUKifjHHAnZsBxml,0,0,Fotky,,,,,Dlouhodobě,1414,612,14,13,0,1,103,77,26,,,,,,,
1150699436853738,100057410770738,"Prague International Chess Festival","🎥 The last day of the Prague International Chess Festival is behind us. Chess has taken over Prague completely! 🔥Take a look at how the final round unfolded.👇

🇨🇿 Poslední den Pražského šachového festivalu je za námi. Šachy ovládly Prahu naplno! Podívejte se, jak probíhalo závěrečné kolo.","🎥 The last day of the @[100057410770738:2048:Prague International Chess Festival] is behind us. Chess has taken over Prague completely! 🔥Take a look at how the final round unfolded.👇

🇨🇿 Poslední den Pražského šachového festivalu je za námi. Šachy ovládly Prahu naplno! Podívejte se, jak probíhalo závěrečné kolo.",142,"03/07/2025 23:11",N/A,https://www.facebook.com/PragueChessFestival/videos/3844915462505060/,0,0,Videa,,,,,Dlouhodobě,624,381,20,16,0,4,12,,12,,,7255.217,13.952,0,0,0
1150750850181930,100057410770738,"Prague International Chess Festival","Prague International Chess Festival přidal(a) fotky do alba: PICF 2025 - Tiebreak + Closing ceremony (by Anežka Kružíková)",,0,"03/08/2025 00:54",N/A,https://www.facebook.com/PragueChessFestival/posts/pfbid022KXXszqKVCjbYBViZpHfNAeZS9jwpwhyy1UWba9EBBNmiS85vYAaZ6h5hSnfhBKRl,0,0,Fotky,,,,,Dlouhodobě,993,463,10,9,0,1,71,47,24,,,,,,,
1150819280175087,100057410770738,"Prague International Chess Festival","🎥 Winner of the Prague International Chess Festival Aravindh Chithambaram: ""After I got the lead, I could not sleep at all. I was thinking of winning the tournament, like every single time.""

🇨🇿 Vítěz Pražského šachového festivalu Aravindh Chithambaram: ""Poté, co jsem se dostal do vedení, jsem vůbec nemohl spát. Neustále jsem přemýšlel o vítězství v turnaji, doslova každou chvíli.""","🎥 Winner of the Prague International Chess Festival Aravindh Chithambaram: ""After I got the lead, I could not sleep at all. I was thinking of winning the tournament, like every single time.""

🇨🇿 Vítěz Pražského šachového festivalu Aravindh Chithambaram: ""Poté, co jsem se dostal do vedení, jsem vůbec nemohl spát. Neustále jsem přemýšlel o vítězství v turnaji, doslova každou chvíli.""",72,"03/08/2025 03:08",N/A,https://www.facebook.com/PragueChessFestival/videos/2581380162063964/,0,0,Videa,,,,,Dlouhodobě,433,383,12,10,0,2,4,,4,,,3114.096,7.844,0,0,0
1150847866838895,100057410770738,"Prague International Chess Festival","🎥 Winner of the Challengers tournament Nodirbek Yakubboev spoke in an interview about the dramatic tiebreak.👇

🇨🇿 Vítěz Challengers Nodirbek Yakubboev mluvil v rozhovoru o dramatickém tiebreaku. 👇","🎥 Winner of the Challengers tournament Nodirbek Yakubboev spoke in an interview about the dramatic tiebreak.👇

🇨🇿 Vítěz Challengers Nodirbek Yakubboev mluvil v rozhovoru o dramatickém tiebreaku. 👇",113,"03/08/2025 03:57",N/A,https://www.facebook.com/PragueChessFestival/videos/657985203315191/,0,0,Videa,,,,,Dlouhodobě,483,419,8,6,0,2,2,,2,,,2605.375,5.726,0,0,0
1150977130159302,100057410770738,"Prague International Chess Festival","✅ All said and done! Here are the final results of this year’s Prague International Chess Festival. Which score surprised you the most?

🇨🇿 ✅ Sečteno, podtrženo! Tady jsou finální výsledky letošního Pražského šachového festivalu. Které skóre vás nejvíc překvapilo?",,0,"03/08/2025 06:52",N/A,https://www.facebook.com/PragueChessFestival/posts/pfbid02vftuzmjGx1JvszzCXYkmDi9VqLGCHwwyxbRqg2D21Jf1wbtTFKnscW3vF5HNZMXWl,0,0,Fotky,,,,,Dlouhodobě,1018,347,13,10,1,2,36,23,13,,,,,,,
1151064003483948,100057410770738,"Prague International Chess Festival","🤝 Bound to win together! Congratulations to our best Masters-Futures combo this year! The path to greatness is paved with inspiration, and you certainly showed that! 🫶

🇨🇿 🤝 Společně k vítězství! Gratulujeme našemu nejlepšímu Masters-Futures týmu letošního roku! Cesta k velikosti je dlážděna inspirací – a vy jste to jednoznačně prokázali! 🫶",,0,"03/08/2025 09:07",N/A,https://www.facebook.com/PragueChessFestival/posts/pfbid0RjtCg18Hypi23ek8TF1cp621fkodihNPYstPnkD7K4rUFxGkZzGjrUxKFGLhKpt6l,0,0,Fotky,,,,,Dlouhodobě,2288,898,124,111,10,3,142,20,122,,,,,,,
1151136460143369,100057410770738,"Prague International Chess Festival","🔜 The chessboards are packed away, the pieces safely stored. But the memories? They linger and will stay with us for a long time. One thing is certain—time flies! Before we know it, another year will pass, and we’ll meet again at Don Giovanni Hotel Prague. We can’t wait to see you all! ♟️✨ #PICF2026

🇨🇿 🔜 Šachovnice jsou uklizené, figury bezpečně schované. Ale vzpomínky? Ty přetrvávají a zůstanou s námi ještě dlouho. Jedno je však jisté – čas letí! Rok uteče jako voda, a my se znovu setkáme v hotelu Don Giovanni. Už se vás nemůžeme dočkat! ♟️✨  #PICF2026",,0,"03/08/2025 11:20",N/A,https://www.facebook.com/PragueChessFestival/posts/pfbid0VAyRXU1SQBaYCgq7mhgrcaf8ZqFWC4FgseCEu1PsQ1XJGPBHfeMGba5nmjtPYs16l,0,0,Fotky,,,,,Dlouhodobě,809,419,11,9,0,2,2,1,1,,,,,,,
1151689923421356,100057410770738,"Prague International Chess Festival","🖐🧠 Nothing beats some after-hours Hand & Brain action! A great festival tradition continued under the roof of Don Giovanni Hotel Prague, featuring some fantastic pairings. Take a look!

🇨🇿 🖐🧠 Nic nepřekoná tradiční Hand & Brain zábavu! Skvělá festivalová tradice pokračovala pod střechou hotelu Don Giovanni, kde jsme v akci viděli několik úžasných dvojic. Podívejte se na fotky!
📷 Petr Vrabec",,0,"03/09/2025 04:56",N/A,https://www.facebook.com/PragueChessFestival/posts/pfbid0xmtG4NfhNJfn6D3ptv59rEcXUG7FFP5mvcdVxqRRDRz51vBq6aDsjgwUkysUsadRl,0,0,Fotky,,,,,Dlouhodobě,1459,753,38,36,0,2,113,92,21,,,,,,,
1151993320057683,100057410770738,"Prague International Chess Festival","🫡 Complete focus, then relief—and a ticket to next year’s Challengers tournament! Congratulations again to our Karel Janeček Open champion, Thomas Beerdsen. See you in 2026! 🔝

🇨🇿 🫡 Naprosté soustředění, potom úleva—a vstupenka do turnaje Challengers na příští rok! Ještě jednou gratulujeme vítězi Karel Janeček Openu, Thomasi Beerdsenovi. Uvidíme se v roce 2026! 🔝",,0,"03/09/2025 12:59",N/A,https://www.facebook.com/PragueChessFestival/posts/pfbid02S2bGmnheb9mEBgQUo3F2tqTABTq9L6emWFF26YRc4L1Ny5KuwNu5fXwov4L8EM3Nl,0,0,Fotky,,,,,Dlouhodobě,1142,564,18,15,0,3,51,43,8,,,,,,,
1153215206602161,100057410770738,"Prague International Chess Festival","PICF2025 Hand & Brain","👉 One hand, one brain, and endless laughs! Check out the highlights from our legendary afterparty game. Any guesses on which duo nailed it? 🧠

🇨🇿 👉 Jedna ruka, jeden mozek a nekonečná zábava! Podívejte se na nejlepší momenty z naší legendární afterparty hry. Uhádnete, která dvojice ji zvládla nejlépe? 🧠",101,"03/11/2025 02:45",N/A,https://www.facebook.com/PragueChessFestival/videos/611911888353613/,0,0,Videa,,,,,Dlouhodobě,668,516,30,26,0,4,17,,17,,,9847.175,16.633,0,0,0
1158721929384822,100057410770738,"Prague International Chess Festival","How it started ➡️ How it’s going! Watch our favorite Hand & Brain duo in action—actor Marek Adamczyk and GM Sam Shankland first teamed up in 2022, and they reunited on the final evening of this year’s tournament. And guess what? They’re only getting better! 🔥♟️

🇨🇿 Jak to začalo ➡️ Jak to jde! Sledujte naši oblíbenou dvojici v Hand & Brain šachu – herec Marek Adamczyk a GM Sam Shankland se poprvé dali dohromady v roce 2022 a znovu se spojili poslední večer letošního turnaje. A hádejte co? Jsou čím dál lepší! 🔥♟️
📷 Petr Vrabec & Anežka Kružíková",,0,"03/18/2025 02:50",N/A,https://www.facebook.com/PragueChessFestival/posts/pfbid02v6uzPZoLaaGb5Mb1bMP6qDoYZZt3y1EeqshrhVwaJ5nhrqcZFjWhPcd2MCJnwnpNl,0,0,Fotky,,,,,Dlouhodobě,869,425,14,14,0,0,67,58,9,,,,,,,
1161093942480954,100057410770738,"Prague International Chess Festival","„Věda je nástroj naší schopnosti racionálně myslet.“
Děkujeme za skvělý sedmý ročník Pražského šachového festivalu, Karel Janeček! Ty nejlepší šachové partie v Praze se hrály díky mimořádné podpoře Janeček Foundation. Podívejte se, jak nadace přispívá k lepšímu životu u nás i ve světě! 🫶

🇬🇧 ""Science is a tool of our ability to think rationally.""
Thank you for an amazing seventh edition of the Prague International Chess Festival, Karel Janeček! The best chess games in Prague were played with the exceptional support of Janeček Foundation. Check out how the foundation contributes to a better life both here and around the world! 🫶","„Věda je nástroj naší schopnosti racionálně myslet.“
Děkujeme za skvělý sedmý ročník Pražského šachového festivalu, @[100044490217012:2048:Karel Janeček]! Ty nejlepší šachové partie v Praze se hrály díky mimořádné podpoře @[61572131504004:2048:Janeček Foundation]. Podívejte se, jak nadace přispívá k lepšímu životu u nás i ve světě! 🫶

🇬🇧 ""Science is a tool of our ability to think rationally.""
Thank you for an amazing seventh edition of the @[100057410770738:2048:Prague International Chess Festival], @[100044490217012:2048:Karel Janeček]! The best chess games in Prague were played with the exceptional support of @[61572131504004:2048:Janeček Foundation]. Check out how the foundation contributes to a better life both here and around the world! 🫶",59,"03/21/2025 01:37",N/A,https://www.facebook.com/PragueChessFestival/videos/962155159437951/,0,0,Videa,,,,,Dlouhodobě,488,194,3,3,0,0,2,,2,,,2349.184,5.185,0,0,0
1166119668645048,100057410770738,"Prague International Chess Festival","(Sou)hra / (Inter)Play at the Prague International Chess Festival","✨ Watch the full recording of (Sou)hra / (Inter)Play! ✨
Experience this stunning dance performance, recorded live at our @[100057410770738:2048:Prague International Chess Festival].

🩰 Directed & choreographed by: @[1657294330:2048:Alena Pešková] 
🎶 Music composed by: @[100001329410935:2048:Gabriela Vermelho] 

Enjoy the interplay of movement, where dance meets the art of chess! ♟️💃

🇨🇿 ✨ Podívejte se na kompletní záznam představení (Sou)hra / (Inter)Play! ✨
Zažijte jedinečné taneční vystoupení, které bylo živě uvedeno na našem Pražském šachovém festivalu.

🩰 Režie a choreografie: Alena Pešková
🎶 Hudba: Gabriela Vermelho

Užijte si souhru pohybu, kde se tanec setkává s uměním šachu! ♟️💃",970,"03/27/2025 06:33",N/A,https://www.facebook.com/PragueChessFestival/videos/1694952771104096/,0,0,Videa,,,,,Dlouhodobě,945,537,30,23,1,6,13,,13,,,8525.124,10.603,0,0,0
1166375305286151,100057410770738,"Prague International Chess Festival","Happy 40th birthday to our 🇨🇿 legend David Navara! Join us in celebration 🎉 and leave David some nice message in the comments! 

🇨🇿 Legenda českého šachu David Navara slaví 40! Přidejte se k oslavám a zanechte mu v komentářích nějaký pěkný vzkaz! 🎉",,0,"03/27/2025 14:13",N/A,https://www.facebook.com/PragueChessFestival/posts/pfbid0ENUMs4PzeQ2fEToQzxXw3WRCZrjYA3H5TXp3kZgHucxsEJXswoNTxnFQAxYDkwk8l,0,1,Fotky,,,,,Dlouhodobě,699,404,23,18,5,0,30,2,27,1,,,,,,
1167503458506669,100057410770738,"Prague International Chess Festival","The numbers tells an incredible story! 📊✨
🔍 Read the full report from our Prague International Chess Festival! Thank you StaChesstics! https://stachesstics.com/#post/praguechessfestival2025

🇨🇿 Čísla vyprávějí skvělé příběhy! 📊✨
🔍 Přečtěte si celou zprávu z našeho Pražského šachového festivalu! Děkujeme, StaChesstics! https://stachesstics.com/#post/praguechessfestival2025",,0,"03/29/2025 02:54",N/A,https://www.facebook.com/PragueChessFestival/posts/pfbid02WNKa8wNAUsWHxkNTyRxep9duvkWAW4jEnjQXSubScBr4fkGJXVwzbMSYqvCoQ4Sdl,0,1,Fotky,,,,,Dlouhodobě,546,178,5,5,0,0,11,1,2,8,,,,,,
1119277536662595,100057410770738,"Prague International Chess Festival","🇨🇿 Czech this out! Some strong lineup on our home base. Václav Finěk and Richard Stalmach are returning for their third appearance, Jáchym Němec is coming with his debut on PICF! More about our favorite (no bias, of course) Challengers right here 👉 https://praguechessfestival.com/en/2025/clanek?id=487

🇨🇿 Podívejte se na to! Silná sestava na domácím hřišti. Václav Finěk a Richard Stalmach se vrací již potřetí, Jáchym Němec se chystá na svůj PICF debut! Více o našich oblíbených (jsme nezaujatí, samozřejmě) Challengerech zde 👉 https://praguechessfestival.com/cs/2025/clanek?id=486",,0,"01/24/2025 07:40",N/A,https://www.facebook.com/PragueChessFestival/posts/pfbid0QWtxR2ughZC4DkXvTT123cgMJvV7shxcSgifZetujVe2336TKt2qEpdN8FnZr43Jl,0,0,Fotky,,,,,Dlouhodobě,1688,692,41,39,0,2,145,93,36,16,,,,,,
1119979106592438,100057410770738,"Prague International Chess Festival","1️⃣ month to go! Can you feel the chess vibes in the air? In Prague, this is the number one topic and the excitement is rising. The clock will start on 25th of February. See you at Don Giovanni Hotel Prague! ⏳

🇨🇿 Už za 1️⃣ měsíc to vypukne! Cítíte to ve vzduchu? U nás v Praze je to téma číslo jedna a nadšení stoupá. Hodiny spustíme už 25. února. Těšíme se v hotelu Don Giovanni! ⏳",,0,"01/25/2025 08:00",N/A,https://www.facebook.com/PragueChessFestival/posts/pfbid02BLrvqwtEPuopy7VHDtwg8iHXRBVVmSqp26UtYWNu4zmEfpYrcTXTzm5NSB5WmC1Cl,0,0,Fotky,,,,,Dlouhodobě,573,287,4,4,0,0,2,1,1,,,,,,,
1122423786347970,100057410770738,"Prague International Chess Festival","🏆 One name to join them. One to conquer boards in Prague. Let's walk down the memory lane and celebrate the past winners of Prague International Chess Festival. Who will win this year? We'll find out soon enough. But there's no harm to guess, right? That's what the comments are for! ✍️

🇨🇿 🏆 Jedno jméno, které se k nim přidá. Jeden hráč, který dobyje pražské šachovnice. Pojďme si zavzpomínat a oslavme předchozí vítěze Prague International Chess Festivalu. Kdo vyhraje letos? To se brzy dozvíme, ale hádat není na škodu, ne? Od toho jsou dole ty komentáře! ✍️",,0,"01/28/2025 12:56",N/A,https://www.facebook.com/PragueChessFestival/posts/pfbid02QHgTdHgnwBtekFCq6T1W8nQEpqbFwacrFQE7vo7mcToTzm6Kg6ZztuAiyCWvRkF7l,0,0,Fotky,,,,,Dlouhodobě,876,245,10,7,3,0,55,40,15,,,,,,,
609508561708585,100057410770738,"Prague International Chess Festival","Prague International Chess Festival 2025",,0,"02/01/2025 02:59",N/A,https://www.facebook.com/events/609508561708585/,0,0,Text,,,,,Dlouhodobě,,,,,,,,,,,77,,,,,
1126043939319288,100057410770738,"Prague International Chess Festival","🔝 Van just won! Huge congratulations to our 🇨🇿hero Thai Dai Van Nguyen who just won Challengers at the Tata Steel Chess Tournament! What a way to get in the game before the main event at Prague International Chess Festival. Well deserved! Enjoy! 👏🤩

🇨🇿 🔝 Van to dokázal! Moc gratulujeme našemu českému hrdinovi Thai Dai Vanovi Nguyenovi, který ovládl Challengers na turnaji Tata Steel Chess! Takhle se ladí forma do Prahy. Zasloužené! Máme velkou radost, užívej oslavy! 👏🤩",,0,"02/02/2025 09:16",N/A,https://www.facebook.com/PragueChessFestival/posts/pfbid0GEbEGwDya5HtwmPPkrBFR9w6HQRbCtSN4iSo7Qtvn31ubeHyzA1Rvtwg5qhut6xdl,0,0,Fotky,,,,,Dlouhodobě,6706,969,347,320,17,10,531,93,437,1,,,,,,
1126154999308182,100057410770738,"Prague International Chess Festival","Another champion with travel plans to Prague! 🏆👈 We cheer for you R Praggnanandhaa and can’t wait to see the new shiny trophy! Congrats from PICF team! What a year at Tata Steel Chess Tournament! 👏

🇨🇿 Další vítěz s letenkou do Prahy! 🏆👈 Jásáme s tebou R Praggnanandhaa a nemůžeme se dočkat, až nám tu novou nablýskanou trofej ukážeš! Posíláme velké gratulace od všech z Prague International Chess Festival týmu! Přátelé z Tata Steel, to by ale ročník! 👏",,0,"02/02/2025 12:58",N/A,https://www.facebook.com/PragueChessFestival/posts/pfbid0HycMNQMWKD3uksmbDgY6iFSDkjL1iHEUVkgjevd9MD5C64JUyZsJEbtYxhRgfJAFl,0,0,Fotky,,,,,Dlouhodobě,1048,300,15,15,0,0,63,45,18,,,,,,,
1128013199122362,100057410770738,"Prague International Chess Festival","PICF is coming soon!
🗓 25th February - 7th March 2025
📍Hotel Don Giovanni, Prague

www.praguechessfestival.com

See you! ❤️",,0,"02/05/2025 05:17",N/A,https://www.facebook.com/photo.php?fbid=1128013199122362&set=a.199039752019716&type=3,0,0,Fotky,,,,,Dlouhodobě,1,17,16,15,0,1,0,,,,,,,,,
1129448958978786,100057410770738,"Prague International Chess Festival","♟👱‍♀️ The Girls from the Future

We are proud to present this year's all-female Futures roster! Every year, we strive to highlight the importance of women who have found their passion in the royal game. With the support of our amazing ambassador, FIDE - International Chess Federation Managing Director Dana Reizniece, this effort has never been more rewarding than in the upcoming tournament.

These young players will make you fall in love with chess all over again. 🫶 The Futures tournament is held with the support of the European Chess Union, which is celebrating its 40th anniversary this year. 

🇨🇿 ♟👱‍♀️ Dívky z budoucnosti

Jsme hrdí na to, že vám můžeme představit letošní hráčky kategorie Futures! Každý rok se snažíme zdůraznit důležitost ženského šachu. S podporou naší úžasné ambasadorky, výkonné ředitelky Mezinárodní šachové federace FIDE Dany Reizniece, nebylo toto úsilí nikdy tak přínosné, jako v nadcházejícím turnaji.

Díky těmto mladým hráčkám si šachy znovu zamilujete. 🫶
Turnaj Futures se koná za podpory Evropské šachové unie, která letos slaví 40 let od svého založení.",,0,"02/07/2025 06:54",N/A,https://www.facebook.com/PragueChessFestival/posts/pfbid02Z717vBMbZX24kjEdiUp2cgkwMmweSNhXKBFsKmaxagXLFfNrthasmgpjunn9KD3ml,0,0,Fotky,,,,,Dlouhodobě,6177,2645,372,274,92,6,487,269,218,,,,,,,
1130151728908509,100057410770738,"Prague International Chess Festival","🎬 We had a fantastic time shooting the official promo for the 7th Prague International Chess Festival! The face of our little adventure is actor and chess enthusiast Marek Adamczyk! Here’s a behind-the-scenes look from the always glorious halls of the Don Giovanni Hotel Prague. Stay tuned! 🎥

🇨🇿 🎬 Natáčení oficiálního promo videa k 7. ročníku Prague International Chess Festivalu jsme si náramně užili! Tváří našeho malého dobrodružství se stal herec a šachový nadšenec Marek Adamczyk! Zde je malý pohled do zákulisí. Kamera byla v akci v našich oblíbených prostorách honosných sálů pražského hotelu Don Giovanni. Dál nás sledujte a těšte se na výsledek! 🎥

📷Aneta Bernhardtová & PICF",,0,"02/08/2025 07:27",N/A,https://www.facebook.com/PragueChessFestival/posts/pfbid02tKVWse4mR6MSfs2C7bfTdgnZinUQCuJbQs8titUzAAhaqDRih2C5sMpSof52SL8Ul,0,0,Fotky,,,,,Dlouhodobě,1216,315,18,18,0,0,86,60,26,,,,,,,
1131564472100568,100057410770738,"Prague International Chess Festival","Prague International Chess Festival 2025 - Nejlepší světové šachy znovu v Praze!","🤝♟Nejlepší světové šachy znovu v Praze!

Herec a šachista Marek Adamczyk vás srdečně zve na 7. ročník Pražského šachového festivalu! Čeká vás prvotřídní sportovní zážitek, ať už jste šachoví nadšenci nebo jste Queen's Gambit viděli jen v televizi. Turnaj mezinárodních hvězd královské hry nabídne i bohatý doprovodný program. Těšíme se už 25. února v krásných prostorách hotelu @[100065547697391:2048:Don Giovanni Hotel Prague]! 🔜

🏴󠁧󠁢󠁥󠁮󠁧󠁿 The best chess in the world is back in Prague! ♟🤝

Actor and chess player Marek Adamczyk cordially invites you to the Prague International Chess Festival! Whether you're a passionate chess enthusiast or have only seen Queen's Gambit on TV, this event promises a first-class experience.

The tournament will feature international stars of the royal game and offer a rich accompanying program. We look forward to seeing you on February 25th at the beautiful Don Giovanni Hotel in Prague! 🔜",90,"02/10/2025 09:00",N/A,https://www.facebook.com/PragueChessFestival/videos/1152147709852031/,0,0,Videa,,,,,Dlouhodobě,3757,2521,163,129,6,28,165,,160,5,,43931.339,13.664,0,0,0
643144954741055,100057410770738,"Prague International Chess Festival","Geopolitické šachy: Jakou figurkou je Česko na šachovnici světa?",,0,"02/13/2025 05:59",N/A,https://www.facebook.com/events/643144954741055/,0,0,Text,,,,,Dlouhodobě,,,,,,,,,,,148,,,,,
1133579508565731,100057410770738,"Prague International Chess Festival","🤝♟🌏 Geopolitické šachy
Přijměte naše pozvání na unikátní debatu v rámci Prague International Chess Festival 2025. 

💬 Diskutovat budou: Tomáš Sedláček se synem Kryštofem, Karel Janeček, Ivan Rynda a Ján Markoš.
🎤 Moderuje: Čestmír Strakatý.
🚪 Hostí: Kino 64 U Hradeb
ℹ️ Událost: Geopolitické šachy: Jakou figurkou je Česko na šachovnici světa? 
🎫 Vstupenky zakoupíte na: https://bit.ly/geopoliticke-sachy nebo přes QR kód na plakátu.

Po debatě bude následovat taneční performance (Sou)Hra
🎬Režie a choreografie: Alena Pešková
🎹Hudba: Gabriela Vermelho
💃Taneční soubor Ultra-minimal-ballet

Těšíme se na vás!🤝

🇬🇧 ♟🌏 Geopolitical Chess (Czech only)
Join us for a unique debate as part of the Prague International Chess Festival 2025.

💬 Discussion panel: Tomáš Sedláček and his son Kryštof, Karel Janeček, Ivan Rynda, and Ján Markoš
🎤 Moderator: Čestmír Strakatý
🚪 Venue: Cinema 64 U Hradeb
🎫 Tickets: https://bit.ly/geopoliticke-sachy

After the debate, a dance performance (Sou)Hra will follow.
🎬 Direction and choreography: Alena Pešková
🎹 Music: Gabriela Vermelho
💃 Dance ensemble: Ultra-minimal-ballet

We look forward to seeing you there! 🤝",,0,"02/13/2025 09:37",N/A,https://www.facebook.com/PragueChessFestival/posts/pfbid02S41ckRWif6GSc6P6LSrvSJ98HSZXnqBnMNfHSByoJTYNjEEuPmgGaRn1NFDhfjS1l,0,0,Fotky,,,,,Dlouhodobě,3998,2107,45,37,2,6,112,45,55,12,,,,,,
1135293048394377,100057410770738,"Prague International Chess Festival","Prague International Chess Festival - Šachy, jaké jste ještě neviděli!","♟👑 Šachy, jaké jste ještě neviděli! Přijďte zažít @[100057410770738:2048:Prague International Chess Festival]  – vrcholnou šachovou událost v Praze. Začínáme 25. února v @[100065547697391:2048:Don Giovanni Hotel Prague]. Buďte u toho! 🔜

🇬🇧 ♟👑 Chess like you've never seen before! Experience the Prague International Chess Festival – a top-tier event in the capital. We kick off on February 25th at Don Giovanni Hotel Prague. Don't miss it! 🔜",30,"02/15/2025 11:51",N/A,https://www.facebook.com/PragueChessFestival/videos/1106611134809679/,0,0,Videa,,,,,Dlouhodobě,2710,860,83,65,6,12,84,,83,1,,21022.559,9.8,0,0,0
1136057514984597,100057410770738,"Prague International Chess Festival","✅ You wished for him, and now it’s a reality! Anish Giri is the final addition to this year's Masters! The Netherlands’ No. 1 and the Tata Steel Chess Tournament champion from two years ago is the cherry on top for the 2025 event. Don’t miss him and the rest of the brilliant lineup starting February 25th! ♟🔜

✅ Přáli jste si ho, a teď se to stalo skutečností! Anish Giri je posledním potvrzeným hráčem letošních Masters! Nizozemská šachová jednička a vítěz Tata Steel Chess je pomyslnou třešničkou na dortu a skvělou pozvánkou na sedmý ročník turnaje. Sledujte jeho i zbytek naší skvělé sestavy od 25. února! ♟🔜",,0,"02/16/2025 10:07",N/A,https://www.facebook.com/PragueChessFestival/posts/pfbid0XPjRrQqiwsdiALVHTRkLX1Z7Lk1RoDw4fNc1cGLXFUdzP8HE2zEHDa3ArKZwRc2Pl,0,0,Fotky,,,,,Dlouhodobě,2238,1155,65,51,8,6,55,5,50,,,,,,,
1138173574772991,100057410770738,"Prague International Chess Festival","♟⛪️ The whole capital knows. The chess is coming back and we celebrate it all over the place. Join us from 25th of February at Don Giovanni Hotel Prague! 🤝

🇨🇿 ♟⛪️ Celé hlavní město to ví. Šachy se vracejí a my je oslavujeme na každém rohu. Přidejte se k nám od 25. února v pražském hotelu Don Giovanni! 🤝",,0,"02/19/2025 06:54",N/A,https://www.facebook.com/PragueChessFestival/posts/pfbid02qaGGk9fMrN3hDTq6WqR95zTmHdN2MAyjnYcMDkHbHGtig6E2iLq9ft6GBw1NstZNl,0,0,Fotky,,,,,Dlouhodobě,726,372,12,11,0,1,7,2,5,,,,,,,
1139335087990173,100057410770738,"Prague International Chess Festival","PICF 2025 s Markem Adamczykem - Atmosféra a účast na festivalu","""Jestli někde poznat tu pravou šachovou atmosféru, tak na @[100057410770738:2048:Prague International Chess Festival]u!"" Tvář letošního ročníku Marek Adamczyk také prozradí, zda si letos v @[100065547697391:2048:Don Giovanni Hotel Prague] sám zahraje! 🎙♟

🇬🇧 ""If there's one place to experience the true chess atmosphere, it's the Prague International Chess Festival!"" This year's guide through the festival, Marek Adamczyk, will also reveal whether he'll be playing himself at the Don Giovanni Hotel Prague! 🎙♟",44,"02/20/2025 22:31",N/A,https://www.facebook.com/PragueChessFestival/videos/964151759156600/,1,0,Videa,,,,,Dlouhodobě,1109,483,19,15,0,4,22,,22,,,6684.969,6.732,0,0,0
1140786901178325,100057410770738,"Prague International Chess Festival","🎭 Shall we dance? Take a look at the rehearsal of the special performance (Sou)Hra prepared for the day off within our festival. Dance will follow the debate Geopolitické šachy: Jakou figurkou je Česko na šachovnici světa? and it's directed and choreographed by Alena Pešková. Music is composed by Gabriela Vermelho and the act itself will be performed by Ultra-minimal-ballet ensemble. Get your tickets for the debate and performance! https://bit.ly/geopoliticke-sachy 👈

🇨🇿 🎭 Zatančíme si? Podívejte se na zkoušku speciálního představení (Sou)Hra, které bylo připraveno pro den volna v rámci našeho festivalu. Tanec bude následovat po debatě Geopolitické šachy: Jakou figurkou je Česko na šachovnici světa?, a jeho režie a choreografie se ujala Alena Pešková. Hudbu složila Gabriela Vermelho a samotné vystoupení předvede soubor Ultra-minimal-ballet. Zajistěte si vstupenky na debatu i představení! https://bit.ly/geopoliticke-sachy 👈

📷 Petr Vrabec",,0,"02/22/2025 22:03",N/A,https://www.facebook.com/PragueChessFestival/posts/pfbid0NZRm7hNwxwwSSEC14e6kuWnhpWPvuL1micfcFNauxXcg7YzLacxH2aii516ejCqrl,0,0,Fotky,,,,,Dlouhodobě,2437,1211,34,32,0,2,69,45,18,6,,,,,,
1141043904485958,100057410770738,"Prague International Chess Festival","👕 Are you dressed up for the action? We don't have any jeans, but some t-shirts and jigsaw puzzles would do it, right? 🧩 On the 1st floor of Don Giovanni Hotel Prague you'll find our merch along with chess books and lots of great other stuff! Check it out while you with us at the festival! Nothing will suit you better! 👌

🇨🇿 👕 Jste připraveni na akci? Džíny sice nemáme, ale trička a skládačky by to mohly zachránit, ne? 🧩 V 1. patře hotelu Don Giovanni najdete náš merch, šachové knihy a spoustu dalšího skvělého zboží! Stavte se za námi podívat. Nic vám nebude sedět líp! 👌",,0,"02/23/2025 05:44",N/A,https://www.facebook.com/PragueChessFestival/posts/pfbid02TVZGbTtJrzm1Z31wzBfacpbnG48AzxiX488f2ZAPBcMyqEnoFnuhBgDmyj4E2Baml,0,0,Fotky,,,,,Dlouhodobě,657,307,7,7,0,0,17,14,3,,,,,,,
1141189161138099,100057410770738,"Prague International Chess Festival","The first players have arrived! Ediz Gurel, Le Quang Liem and Divya Deshmukh - welcome to the Prague International Chess Festival! 👋

První šachisté a šachistky jsou v Praze! Do Don Giovanni Hotel Prague právě dorazili Ediz Gurel, Le Quang Liem and Divya Deshmukh. Vítejte na Pražském šachovém festivalu!",,0,"02/23/2025 09:55",N/A,https://www.facebook.com/PragueChessFestival/posts/pfbid02D48jFQaU8DPyqePUeFMBB7HsJjFrCi3xCdywRsb9EcPrG7RFNP7pu3o6GsPzZDpal,0,0,Fotky,,,,,Dlouhodobě,4243,2267,144,136,3,5,417,258,159,,,,,,,
1141251661131849,100057410770738,"Prague International Chess Festival","🫡""It’s crucial for me to keep improving and to provide more than ten days of unforgettable experiences. "" Our director Petr Boleslav addresses the upcoming 7th edition of Prague International Chess Festival. 👉 https://bit.ly/petr-boleslav-picf2025

🇨🇿 🫡""Pokračovat, věci zlepšovat a opět připravit více než deset dní zážitků je pro mě velmi důležité."" Náš ředitel Petr Boleslav sdílí myšlenky před nadcházejícím 7. ročníkem Prague International Chess Festivalu. 👉 https://bit.ly/petr-boleslav-picf2025-cz",,0,"02/23/2025 12:07",N/A,https://www.facebook.com/PragueChessFestival/posts/pfbid02jsaMcUKnkUDGVJfzB5HxbtSWdHSqwxqGuDn93tcdg4YEyaggiZzmGzkncBKSAFhEl,0,0,Fotky,,,,,Dlouhodobě,833,248,18,17,0,1,20,2,6,12,,,,,,
1141623061094709,100057410770738,"Prague International Chess Festival","💪 ""The lineup is so strong that it’s hard to choose just one, but I’m definitely looking forward to playing Giri."" Our Tata Steel Chess Tournament hero Thai Dai Van Nguyen is eagerly anticipating his favorite home event. Read the whole interview in the comments!♟ 👇

🇨🇿 💪 ""Startovní listina je tak nabitá, že je těžké vybrat jen jednoho hráče. Určitě se ale těším na Giriho."" Náš hrdina z Tata Steel Chess Thai Dai Van Nguyen se těší na svůj oblíbený domácí turnaj. Odkaz na rozhovor najdete v komentáři! ♟👇",,0,"02/24/2025 00:01",N/A,https://www.facebook.com/PragueChessFestival/posts/pfbid02oYXzeSRDEFo6WkHPqj5UqBdHv8usH8tDTcGBt3iPoYEvHEQumUxMAoFJXm6n2Xx3l,0,0,Fotky,,,,,Dlouhodobě,937,469,16,13,2,1,27,4,23,,,,,,,
1141970597726622,100057410770738,"Prague International Chess Festival","Wei Yi and Ma Qun - Welcome to Prague! 🇨🇿",,0,"02/24/2025 09:15",N/A,https://www.facebook.com/PragueChessFestival/posts/pfbid0baBKgLMPvn2ku1rHVUi1HtviR3HXo8CRdqPvciw6bHS49RYvJVVgB6AkbrwNXLUTl,0,0,Fotky,,,,,Dlouhodobě,935,530,23,23,0,0,18,4,14,,,,,,,
1142068137716868,100057410770738,"Prague International Chess Festival","From glory on Djerba Chess Festival to bright future in the capital! Welcome to Prague, champion Marc'Andria Maurizzi, and best of luck! 🏆

🇨🇿 Po úspěchu na Djerba Chess Festivalu rovnou do hlavního města a k zářivým zítřkům! Vítáme tě v Praze, šampione Maurizzi, hodně zdaru!🏆",,0,"02/24/2025 12:34",N/A,https://www.facebook.com/PragueChessFestival/posts/pfbid0d6RLz6BJ3oMGLrs2hCDHk574AKQXGfmfRsZpdFVgmMjG9d99jH1R5TiR4iumoWMfl,0,0,Fotky,,,,,Dlouhodobě,989,533,26,25,0,1,12,6,6,,,,,,,
1142466681010347,100057410770738,"Prague International Chess Festival","♟️ Good morning! Today is the perfect day for a start of a chess tournament! 🔥 What are you looking forward to the most? Let us know in the comments! We can’t wait to see you, fans of the royal game! 👑 See you at Don Giovanni Hotel Prague!

🇨🇿 ♟️ Krásné dopoledne! Dnešek je jako stvořený pro start šachového turnaje! 🔥 Na co se nejvíc těšíte? Dejte nám vědět v komentářích! My se rozhodně těšíme na vás, fanoušky královské hry! 👑 Uvidíme se v Don Giovanni Hotel Prague!",,0,"02/25/2025 01:42",N/A,https://www.facebook.com/PragueChessFestival/posts/pfbid03q1GyZGxYa9TAKpXhzVRF9Bpwpst4v4Pu3bj8yx3AotuhvnyioEXjLSbbfzWChdpl,0,0,Fotky,,,,,Dlouhodobě,795,404,22,14,7,1,22,4,18,,,,,,,
1142604090996606,100057410770738,"Prague International Chess Festival","PICF 2025 s Markem Adamczykem - Největší zážitek a oblíbený šachista","🇨🇿 České okénko s naším milým ambasadorem turnaje Markem Adamczykem. Jaký je jeho největší zážitek z @[100057410770738:2048:Prague International Chess Festival]u a přijede jeho oblíbený šachista? 💬

🇬🇧 Czech intermezzo before the big ceremony. Quick rapid fire questions for our dear ambassador Marek Adamczyk. What is his biggest experience from the @[100057410770738:2048:Prague International Chess Festival], and will his favorite chess player come to the festival? 💬",124,"02/25/2025 05:34",N/A,https://www.facebook.com/PragueChessFestival/videos/1145782500009545/,0,0,Videa,,,,,Dlouhodobě,538,328,15,12,0,3,8,,8,,,4886.115,10.507,0,0,0
1142710060986009,100057410770738,"Prague International Chess Festival","📈 Let's talk numbers, shall we? This is our complete Masters and Challengers rosters. Not bad, right? Who is your favorite? 🫶

🇨🇿 📈 Naši hráči řečí čísel! Představujeme kompletní sestavu Masters a Challengers s ELO hodnocením. To není špatné, že? Kdo je vaším favoritem?🫶",,0,"02/25/2025 08:31",N/A,https://www.facebook.com/PragueChessFestival/posts/pfbid0EHzgbz6LRQVqrLSw3G3MbBGqewuw9mFqDLrErDha7snVdxmi5kN5NNVMVBWF7cx8l,0,0,Fotky,,,,,Dlouhodobě,960,409,17,16,0,1,38,31,7,,,,,,,
1142778724312476,100057410770738,"Prague International Chess Festival","⭐️ Here we go PICF 2025! Opening ceremony is up and running. Can’t wait for the draws! 🔜

🇨🇿 ⭐️ Tak tě tu máme PICF 2025! Zahajovací ceremoniál je v plném proudu. A rozlosování partií je za dveřmi! 🔜",,0,"02/25/2025 10:38",N/A,https://www.facebook.com/PragueChessFestival/posts/pfbid027n8LdXoxq7838CmEgF62587NZW6Vqb2SxMEjvY2iaetqmecrVVW6TBvZJ8Ub8cWhl,0,0,Fotky,,,,,Dlouhodobě,1084,506,25,24,0,1,74,59,15,,,,,,,
1142807007642981,100057410770738,"Prague International Chess Festival","We present you players of the Masters, Challengers and Futures tournaments! Prague International Chess Festival 2025 is on the way!

Představujeme vám hráče turnajů Masters, Challengers a Futures! Pražský šachový festival 2025 byl slavnostně zahájen!",,0,"02/25/2025 11:33",N/A,https://www.facebook.com/PragueChessFestival/posts/pfbid033bTiZytaZbFqruoLn7GR6s6RfsC1ZtviHnxaxdpr1Brz9Q4WyJokXE2KurPsoBXJl,0,0,Fotky,,,,,Dlouhodobě,7731,3589,273,242,18,13,755,569,185,1,,,,,,
1143155234274825,100057410770738,"Prague International Chess Festival","PICF 2025 - Opening ceremony","🥂 We kicked things off in style! Check out our highlights from the PICF 2025 Opening Ceremony. The boards are set now, let’s move those pieces at the @[100065547697391:2048:Don Giovanni Hotel Prague]! ♟🔝

🇨🇿 🥂 Odstartovali jsme ve velkém stylu! Podívejte se na momentky ze zahajovacího ceremoniálu PICF 2025. Šachovnice jsou nyní připravené a figury se nemohou dočkat prvních tahů. Těšíme se v pražském hotelu Don Giovanni! ♟🔝",120,"02/25/2025 22:48",N/A,https://www.facebook.com/PragueChessFestival/videos/984510879846770/,0,0,Videa,,,,,Dlouhodobě,1784,876,76,64,4,8,61,,55,6,,37609.01,26.503,0,0,0
1143276534262695,100057410770738,"Prague International Chess Festival","Prague International Chess Festival přidal(a) fotky do alba: PICF 2025 - Opening Ceremony (by Petr Vrabec)",,0,"02/26/2025 02:53",N/A,https://www.facebook.com/PragueChessFestival/posts/pfbid02DTBF2Apv1ZQFA2TyCTyCAVvAJGEcnL6MMcNiWQiJF82W6p5z9MF7hHhqZCrAQWful,0,0,Fotky,,,,,Dlouhodobě,2722,1096,65,52,8,5,337,230,76,31,,,,,,
1143303824259966,100057410770738,"Prague International Chess Festival","❗The wait is over! ♟️👌 Here are pairings for day 1⃣

❗Čekání je u konce. Tady máte rozpis partií pro první den! ♟️",,0,"02/26/2025 03:42",N/A,https://www.facebook.com/PragueChessFestival/posts/pfbid0KFDZwmQWCNpauViF6rZoVT8iM8vbMmn1a8nf84NeKmhoBoYWyPngeUktSfNS3iyrl,0,0,Fotky,,,,,Dlouhodobě,999,429,13,11,0,2,70,55,15,,,,,,,
1143427080914307,100057410770738,"Prague International Chess Festival","The tournament has started ♟️🚀

#chess #tournament #prague","The tournament has started ♟️🚀

#chess #tournament #prague",20,"02/26/2025 06:57",N/A,https://www.facebook.com/reel/2022211168262537/,1,0,Reels,,,,,Dlouhodobě,436,346,9,8,0,1,2,,2,,,1897.617,5.242,0,,0
1143484734241875,100057410770738,"Prague International Chess Festival",🙏❤️🔥,,0,"02/26/2025 08:35",N/A,https://www.facebook.com/PragueChessFestival/posts/pfbid02CKDPoky3Gvo93ovs4qUgbW7btKnMEYUaJ5k2Km25A8Wbtn3XmCUN1jLMXqnk7J5Dl,0,1,Fotky,,,,,Dlouhodobě,865,397,10,10,0,0,35,14,21,,,,,,,
1143506590906356,100057410770738,"Prague International Chess Festival","Waiting line at the registration for Karel Janecek Open tournament. 😊♟️","Waiting line at the registration for Karel Janecek Open tournament. 😊♟️",21,"02/26/2025 09:12",N/A,https://www.facebook.com/reel/1143809530262183/,0,0,Reels,,,,,Dlouhodobě,784,488,17,15,0,2,14,,14,,,5405.797,8.847,0,,0
1143617914228557,100057410770738,"Prague International Chess Festival","Day one is behind us, take a look at some pictures. 📸 

První den je za námi, prohlédněte si ho v naší galerii. 

Photos by / Fotil Petr Zewlakk Vrabec",,0,"02/26/2025 11:54",N/A,https://www.facebook.com/PragueChessFestival/posts/pfbid0VhmfUcqtCZEyBxkn45Wny7jJkxx62QE4zMcwTuz19ohoz5pgjixgHwjqHEPmuoJkl,0,0,Fotky,,,,,Dlouhodobě,1428,609,20,18,0,2,188,170,18,,,,,,,
1143697394220609,100057410770738,"Prague International Chess Festival","The results are in! We have two winners in Masters and Challengers categories. 🏆

Výsledky prvního kola jsou zde! V kategoriích Masters a Challengers máme po dvou výhrách.",,0,"02/26/2025 15:09",N/A,https://www.facebook.com/PragueChessFestival/posts/pfbid02U1oqdbwt28TXiYoS8FioFterM1NvSvhs7Y25LJ9VCYvtkhv1fwx8Lg1d9kWGgrUcl,0,0,Fotky,,,,,Dlouhodobě,1198,526,14,12,0,2,98,86,12,,,,,,,
1144036170853398,100057410770738,"Prague International Chess Festival","PICF 2025 - Round 1","♟ First moves, first blunders and a lot of joy! Take a look at the highlights of Round 1 at the @[100057410770738:2048:Prague International Chess Festival]. 🎬

🇨🇿 ♟ První tahy, první chyby, ale také spousta radosti! Podívejte se na momentky z 1. kola Pražského mezinárodního šachového festivalu. 🎬 

📍@[100065547697391:2048:Don Giovanni Hotel Prague]",106,"02/27/2025 02:27",N/A,https://www.facebook.com/PragueChessFestival/videos/652739437151263/,0,0,Videa,,,,,Dlouhodobě,814,403,28,24,2,2,23,,23,,,12216.324,17.552,0,0,0
1144111230845892,100057410770738,"Prague International Chess Festival","Druhé kolo na Prague International Chess Festival startuje v 15:00!🔥 Přijďte se podívat do Don Giovanni Hotel Prague nebo sledujte náš live stream 👉 bit.ly/PICF2025-livestream

The second round of the Prague International Chess Festival 2025 starts at 3:00 PM! 🔥 Come visit us at the Don Giovanni Hotel Prague or watch our live stream 👉 bit.ly/PICF2025-livestream",,0,"02/27/2025 04:22",N/A,https://www.facebook.com/PragueChessFestival/posts/pfbid02NDzDWQ8uHMMLUiLTbi4A3G33XED2NwQUAP7uoqjvRaHLhphj1WUE8Md7mEu6EhF5l,0,0,Fotky,,,,,Dlouhodobě,865,337,7,5,0,2,31,18,4,9,,,,,,
1144181240838891,100057410770738,"Prague International Chess Festival","📣INTERVIEW: Jak hodnotí Sam Shankland úvodní kolo na PICF? 

INTERVIEW: How does Sam Shankland evaluate the first round at PICF?","📣INTERVIEW: Jak hodnotí Sam Shankland úvodní kolo na PICF? 

INTERVIEW: How does Sam Shankland evaluate the first round at PICF?",99,"02/27/2025 06:15",N/A,https://www.facebook.com/PragueChessFestival/videos/2077379812764257/,0,0,Videa,,,,,Dlouhodobě,392,341,2,2,0,0,4,,4,,,2370.016,6.733,0,0,0
1144268370830178,100057410770738,"Prague International Chess Festival","Thank you, Ozgur Solakoglu! 👏",,0,"02/27/2025 08:39",N/A,https://www.facebook.com/PragueChessFestival/posts/pfbid02dZ4pvKS98zGwQJq3Yejc6EFPnVpyopBZxDGiuG5Bm1sM1iU6pSizYw9R8ocfE9m3l,0,0,Fotky,,,,,Dlouhodobě,1680,1048,36,34,0,2,25,13,12,,,,,,,
1144297244160624,100057410770738,"Prague International Chess Festival","📣 Today, the Karel Janeček Open Tournament kicked off with more than 300 chess players participating. Good luck to everyone!

Dnes na Pražském šachovém festivalu odstartoval také Karel Janeček Open, kterého se účastní více než 300 šachistů. Přejeme všem hodně štěstí!",,0,"02/27/2025 09:26",N/A,https://www.facebook.com/PragueChessFestival/posts/pfbid0fThRAqt11fSvJ7MjCFCAQJiSA76vB1vSLRGfUNjjdV6qgQjc7iQYprcykFCwVWPzl,0,0,Fotky,,,,,Dlouhodobě,1970,740,8,8,0,0,71,51,20,,,,,,,
1144364657487216,100057410770738,"Prague International Chess Festival","🔥 Here are the results of the Round 2! The only victory in the Masters tournament was claimed by Aravindh Chithambaram, who defeated Vincent Keymer.

Tady jsou výsledky druhého kola, jediné vítězství v turnaji Masters si připsal Aravindh Chithambaram, který porazil Vincenta Keymera.",,0,"02/27/2025 11:46",N/A,https://www.facebook.com/PragueChessFestival/posts/pfbid036vysTse7o7D2E7M6XjdzkCmDik1cJZnBbooSnKQpuedfeYDtwH8Lb6vwB6y7j5wUl,0,0,Fotky,,,,,Dlouhodobě,894,367,7,6,0,1,21,18,3,,,,,,,
1144446547479027,100057410770738,"Prague International Chess Festival","Prague International Chess Festival přidal(a) fotky do alba: PICF 2025 - Round 2 (by Petr Vrabec)",,0,"02/27/2025 14:24",N/A,https://www.facebook.com/PragueChessFestival/posts/pfbid02XaDRhQkpoKPPr9uTUiUsqZVjaq3ynDT8HYKJApKs3pcrxZf4NLZPxzFGkrjVsfvJl,0,0,Fotky,,,,,Dlouhodobě,1256,509,24,23,0,1,104,86,18,,,,,,,
1144701527453529,100057410770738,"Prague International Chess Festival","🎥 INTERVIEW with Aravindh Chithambaram about Round 2: ""I experimented and it worked out in the end."" 💪 ✅","🎥 INTERVIEW with Aravindh Chithambaram about Round 2: ""I experimented and it worked out in the end."" 💪 ✅",86,"02/27/2025 23:18",N/A,https://www.facebook.com/PragueChessFestival/videos/982025403879697/,0,0,Videa,,,,,Dlouhodobě,363,276,6,5,0,1,3,,3,,,1860.759,5.814,0,0,0
1144766624113686,100057410770738,"Prague International Chess Festival","📽 The second round of the Prague International Chess Festival brought many exciting moments. The Karel Janeček Open tournament also kicked off. 

📽 Druhé kolo na Pražském šachovém festivalu přineslo spoustu zajímavých okamžiků. A odstratovalo také první kolo turnaje Karel Janeček Open! Jak to vypadalo se podívejte ve videu. 🤩👇","📽 The second round of the @[100057410770738:2048:Prague International Chess Festival] brought many exciting moments. The @[100044490217012:2048:Karel Janeček] Open tournament also kicked off. 

📽 Druhé kolo na Pražském šachovém festivalu přineslo spoustu zajímavých okamžiků. A odstratovalo také první kolo turnaje Karel Janeček Open! Jak to vypadalo se podívejte ve videu. 🤩👇",118,"02/28/2025 01:29",N/A,https://www.facebook.com/PragueChessFestival/videos/1307948090325694/,0,0,Videa,,,,,Dlouhodobě,637,330,22,12,6,4,15,,15,,,7912.034,14.49,0,0,0
1144815710775444,100057410770738,"Prague International Chess Festival","👌Third time’s the charm! Who’s going to bring the magic to the boards this time? Let's find out at Don Giovanni Hotel Prague!

🇨🇿👌Do třetice všeho dobrého! Kdo tentokrát přinese na šachovnice trochu magie? Nechme se překvapit, už od tří hodin v Don Giovanni Hotel Prague!",,0,"02/28/2025 03:05",N/A,https://www.facebook.com/PragueChessFestival/posts/pfbid021vbMVSLeXh1eRYmgZKytuHhzTmtL6NhJZNXtKJ4ai7rQCjdBqSgeLFWW8BudDDWNl,0,0,Fotky,,,,,Dlouhodobě,696,323,4,3,0,1,19,13,6,,,,,,,
1144900097433672,100057410770738,"Prague International Chess Festival","Divya Deshmukh after Round 2","INTERVIEW: ""The position felt like it would win in a hundred ways!"" And Divya Deshmukh found just the one! Here's her thoughts after Round 2. 💬💯 #GameOfTheDay

🇨🇿 ROZHOVOR: „Ta pozice vypadala, že bych mohla vyhrát na stovky způsobů!“ A Divya Deshmukh našla právě ten správný! Zde jsou její myšlenky po 2. kole. 💬💯",101,"02/28/2025 05:10",N/A,https://www.facebook.com/PragueChessFestival/videos/28693732436936682/,0,0,Videa,,,,,Dlouhodobě,479,349,10,8,0,2,4,,4,,,4345.522,10.65,0,0,0
1144950300761985,100057410770738,"Prague International Chess Festival","Round 3️⃣ has started. Watch the action in the Don Giovanni Hotel Prague or live🔴! 

🇨🇿 3️⃣.kolo bylo zahájeno. Přijďte se podívat do hotelu Don Giovanni nebo sledujte partie v živém přenosu!",,0,"02/28/2025 06:27",N/A,https://www.facebook.com/PragueChessFestival/posts/pfbid0jLEWDXcdjt2EcVy3U31p5Qdw4kVKbfn3ivqkWHxewUxYwbsKPyTn5kFh8sbLLiK1l,0,0,Fotky,,,,,Dlouhodobě,669,368,9,8,0,1,5,2,3,,,,,,,
1144990410757974,100057410770738,"Prague International Chess Festival","Prague International Chess Festival přidal(a) fotky do alba: PICF 2025 - Round 1 (by Petr Vrabec)",,0,"02/28/2025 07:33",N/A,https://www.facebook.com/PragueChessFestival/posts/pfbid02QHMUuv4ZzMgX6TiJEkyNEm1yKSiemMzjXWiKT1MwiVXjHHxTpK7J7WmEjCTUoNrsl,0,0,Fotky,,,,,Dlouhodobě,812,368,8,7,0,1,43,38,5,,,,,,,
1144990740757941,100057410770738,"Prague International Chess Festival","Prague International Chess Festival přidal(a) fotky do alba: PICF2025 - Children's Day (by Petr Vrabec)",,0,"02/28/2025 07:33",N/A,https://www.facebook.com/PragueChessFestival/posts/pfbid0vDFS4YURrp11xmQUiZoXDVUjo8vL2QS3o7Z7R9a4PqWHkw3nbvpMvSotnK3vLcLcl,0,0,Fotky,,,,,Dlouhodobě,1017,781,12,8,0,4,96,63,33,,,,,,,
1145030394087309,100057410770738,"Prague International Chess Festival","Nodirbek Yakubboev after Round 2","🎤INTERVIEW: One more throwback to Round 2! ""King became unsafe, but it should be a draw."" Nothing but respect for Marc'Andria Maurizzi from yesterday's winner Nodirbek Yakubboev.

🇨🇿 🎤 ROZHOVOR: Ještě jeden návrat k 2. kolu! „Král byl v nebezpečí, ale partie měla skončit remízou.“ Nic než fér uznání a respekt pro Marc’Andriu Maurizziho od včerejšího vítěze Nodirbeka Yakubboeva.",93,"02/28/2025 08:29",N/A,https://www.facebook.com/PragueChessFestival/videos/989526469252481/,0,0,Videa,,,,,Dlouhodobě,441,349,9,8,0,1,8,,8,,,2727.98,6.854,0,0,0
1145142317409450,100057410770738,"Prague International Chess Festival","💯 What a day full of exciting results. What is your game of the day? Give us a vote on 👉 https://praguechessfestival.com/en/2025/vote

🇨🇿 💯Den plný napínavých výsledků! Která partie byla podle vás nejlepší? Hlasujte na 👉 https://praguechessfestival.com/cs/2025/vote",,0,"02/28/2025 11:51",N/A,https://www.facebook.com/PragueChessFestival/posts/pfbid02WM1ZYWJsLi8U5uY2JyV6LgaA58T66fPU79TLj6bEFyC2AnJLtyAn7wyaVnkLJxV2l,0,0,Fotky,,,,,Dlouhodobě,733,331,4,3,0,1,15,7,2,6,,,,,,
1145228470734168,100057410770738,"Prague International Chess Festival","🆙 Aravindh Chithambaram with the lead in Masters, top spot of the Challengers group is shared between Nodirbek Yakubboev and Jonas Buhl Bjerre. How's your favorite player doing after three round? 👍👎

🇨🇿 🆙 Aravindh Chithambaram vede v turnaji Masters, v čele Challengers se o první místo dělí Nodirbek Yakubboev a Jonas Buhl Bjerre. Jak si vede váš oblíbený hráč po třech kolech? 👍👎",,0,"02/28/2025 15:06",N/A,https://www.facebook.com/PragueChessFestival/posts/pfbid0DRsGTj2gToS6sK1WM1DYbrzxbx3fPxQgqvKVyTVPJcSS75zUfAqWwEkk4oM6NwHLl,0,0,Fotky,,,,,Dlouhodobě,750,346,6,5,0,1,13,11,2,,,,,,,
1145482014042147,100057410770738,"Prague International Chess Festival","Prague International Chess Festival přidal(a) fotky do alba: PICF 2025 - Round 3 (by Petr Vrabec)",,0,"02/28/2025 23:56",N/A,https://www.facebook.com/PragueChessFestival/posts/pfbid037ntcqjCDuBS7MLJCrw5vCcmi2Fy7ZtF8TyZ6At54R88ePrUEmZiPi7WtECkUD2WUl,0,0,Fotky,,,,,Dlouhodobě,1169,521,18,15,0,3,94,72,22,,,,,,,
1145511200705895,100057410770738,"Prague International Chess Festival","Children's Day, duel of Tata Steel Chess Tournament winners and a lot of fun in the commentary box. The greatest way of honoring the best of chess on the third day! 🎬3️⃣

🇨🇿 Dětský den, souboj vítězů Tata Steel Chess a spousta zábavy v komentátorském studiu. Skvělý způsob, jak oslavit to nejlepší z šachu během třetího dne! 🎬3️⃣","Children's Day, duel of @[100064804113626:2048:Tata Steel Chess Tournament] winners and a lot of fun in the commentary box. The greatest way of honoring the best of chess on the third day! 🎬3️⃣

🇨🇿 Dětský den, souboj vítězů Tata Steel Chess a spousta zábavy v komentátorském studiu. Skvělý způsob, jak oslavit to nejlepší z šachu během třetího dne! 🎬3️⃣",92,"03/01/2025 00:58",N/A,https://www.facebook.com/PragueChessFestival/videos/1597503484283579/,0,0,Videa,,,,,Dlouhodobě,617,446,24,18,2,4,7,,7,,,5536.266,10.084,0,0,0
1145571527366529,100057410770738,"Prague International Chess Festival","👉 Today's schedule features Round 4 of PICF 2025! Will Aravindh Chithambaram continue his winning streak? 💪 Watch the live stream from Prague at 3 PM: bit.ly/ENG_live_stream

👉 Dnes je na programu PICF 2025 4. kolo! Bude Aravindh Chithambaram pokračovat ve vítězném tažení? 💪 Od 15:00 sledujte živé přenosy z Prahy: bit.ly/CZ_zivy_prenos",,0,"03/01/2025 03:07",N/A,https://www.facebook.com/PragueChessFestival/posts/pfbid02JHxSDEFUrE4akshjvojJp1aex9RWSCXFqTQ5UBDMGEvHAZWS3z1arvqrmzyDCtF7l,0,0,Fotky,,,,,Dlouhodobě,795,391,10,7,0,3,15,11,,4,,,,,,
1145628284027520,100057410770738,"Prague International Chess Festival","Jonas Buhl Bjerre after Round 3","🎤INTERVIEW: ""At some point, my attack just kind of started flowing."" And it was the second win with black for Jonas Buhl Bjerre! 

🇨🇿 🎤 ROZHOVOR: „V určitém momentu můj útok prostě začal plynule fungovat.“ A byla to už druhá výhra s černými pro Jonase Buhla Bjerreho!",68,"03/01/2025 04:35",N/A,https://www.facebook.com/PragueChessFestival/videos/902832868539206/,0,0,Videa,,,,,Dlouhodobě,596,553,6,5,0,1,4,,4,,,2613.662,4.769,0,0,0
1145751184015230,100057410770738,"Prague International Chess Festival","🔥 In Round 4 of the Challengers Tournament, we have a Czech battle: Jáchym Němec vs. Richard Stalmach. 🇨🇿 How will it turn out today?💪

Ve 4. kole turnaje Challengers probíhá český souboj! Jáchym Němec vs. Richard Stalmach. Jak to dopadne?💪",,0,"03/01/2025 07:54",N/A,https://www.facebook.com/PragueChessFestival/posts/pfbid0uPCPdNPbNfmJ8V11zDDm1Q1nm7NoMNkpNR8pMb8iCCKviqPN4ob4XCsBUaWupBnfl,0,0,Fotky,,,,,Dlouhodobě,897,474,8,3,0,5,10,2,7,1,,,,,,
1145846677339014,100057410770738,"Prague International Chess Festival","Round 4 of PICF is over! ✅ Wei Yi claimed victory against David Navara. Praggnanandhaa R defeated Vincent Keymer. Marc'Andria Maurizzi and Richard Stalmach secured victories in the Challengers Tournament today.

4. kolo turnaje Masters je u konce! ✅ Wei Yi dnes zvítězil nad Davidem Navarou. Praggnanandhaa R porazil Vincenta Keymera. V Turnaji Challengers dnes vybojovali výhru Marc'Andria Maurizzi a Richard Stalmach.",,0,"03/01/2025 10:56",N/A,https://www.facebook.com/PragueChessFestival/posts/pfbid0iyvM1qEZ4XtzZg9tREFbv3KEf3M1cedHr4bpMhwHB4XWJDovf6j8udr6n2sXrFAul,0,0,Fotky,,,,,Dlouhodobě,898,414,6,5,0,1,19,17,2,,,,,,,
1145883560668659,100057410770738,"Prague International Chess Festival","Prague International Chess Festival přidal(a) fotky do alba: PICF 2025 - Round 4 (by Petr Vrabec)",,0,"03/01/2025 12:13",N/A,https://www.facebook.com/PragueChessFestival/posts/pfbid036KpHdrFnhZkVAcpgbVeWQ2SH89LQXTRAfKoSs8mR89DkHLwQgKF5wJqbazzYxMfol,0,0,Fotky,,,,,Dlouhodobě,1404,584,17,15,0,2,113,94,19,,,,,,,
1146235220633493,100057410770738,"Prague International Chess Festival","📽 What happened in Round 4? Here’s a video highlight—enjoy!👇

🇨🇿 Co všechno se odehrálo ve 4. kole? Tady je video sestřih, užijte si to!👇","📽 What happened in Round 4? Here’s a video highlight—enjoy!👇

🇨🇿 Co všechno se odehrálo ve 4. kole? Tady je video sestřih, užijte si to!👇",89,"03/02/2025 00:44",N/A,https://www.facebook.com/PragueChessFestival/videos/1267339731035299/,0,0,Videa,,,,,Dlouhodobě,786,564,17,15,0,2,21,,21,,,8883.457,13.16,0,0,0
1146324980624517,100057410770738,"Prague International Chess Festival","Round 5 is here! ♟ You can look forward to an Indian battle between the two players leading the standings! 💪

🇨🇿 Páté kolo se blíží! V turnaji Masters se můžete těšit na indický souboj dvou lídrů tabulky!",,0,"03/02/2025 03:45",N/A,https://www.facebook.com/PragueChessFestival/posts/pfbid07zUAMezfAmxn7tqD8xjWtt2RhczHn11U4bTZiEZCNCaGxXQidxGmkCEfXddC44Ysl,0,0,Fotky,,,,,Dlouhodobě,660,331,6,4,0,2,13,7,6,,,,,,,
1146363097287372,100057410770738,"Prague International Chess Festival","It's the battle of Indian giants today! Who will take an advantage of this clash? Watch our live streams or come to the Don Giovanni Hotel Prague! 🇮🇳✊

🇨🇿 Dnes nás čeká souboj indických gigantů! Kdo získá do dalších kol výhodu? Sledujte naše živé přenosy nebo přijďte do hotelu Don Giovanni v Praze! 🇮🇳✊",,0,"03/02/2025 04:54",N/A,https://www.facebook.com/PragueChessFestival/posts/pfbid0Ne88aQqFtL3gG1TExGvqNSFNssj29FP3NXM3JuqVfMM2ohZnvoCUXmtBrGKfw1UMl,0,0,Fotky,,,,,Dlouhodobě,651,368,9,7,1,1,7,2,5,,,,,,,
1146385690618446,100057410770738,"Prague International Chess Festival","Wei Yi after Round 4","A much needed win and reflection on the first rounds from our top seeded player. The stage is your Wei Yi. 🫵🎙

🇨🇿 Velmi potřebná výhra a ohlédnutí za prvními koly od našeho nejvýše nasazeného hráče. Máte slovo, Wei Yi. 🫵🎙",97,"03/02/2025 05:33",N/A,https://www.facebook.com/PragueChessFestival/videos/642158108218769/,0,0,Videa,,,,,Dlouhodobě,340,290,4,3,0,1,4,,4,,,1527.695,4.865,0,0,0
1146413323949016,100057410770738,"Prague International Chess Festival","Round 5, aka the Indian clash—we’re off the marks! ♟️🔥

🇨🇿 Páté kolo a velký indický souboj – jsme na startu! ♟️🔥",,0,"03/02/2025 06:18",N/A,https://www.facebook.com/PragueChessFestival/posts/pfbid0EczqDFR7xYcwyUazXVsJGr2C3E2EZwCy9kPD8BVPAem3a4V1XSaEAA9h8ieR73SQl,0,0,Fotky,,,,,Dlouhodobě,696,385,10,9,0,1,6,5,1,,,,,,,
1146470233943325,100057410770738,"Prague International Chess Festival","Vysíláme živě! Připojte se k partiím i diskuzi! 🔝🔴
👉 ČESKÝ PŘENOS: https://www.youtube.com/watch?v=jK7v1uAJB1E 🇨🇿

We are live! Join the games and the discussion! 🔝🔴
👉 ANGLICKÝ PŘENOS: https://www.youtube.com/watch?v=YFmf99LVVJY 🇬🇧",,0,"03/02/2025 07:39",N/A,https://www.facebook.com/PragueChessFestival/posts/pfbid0HiDCxbJBaCK2zLaRSrikwYPmJdCPSZre6XrvVTedyzibf7NqkfqBZLtjmb3WAqYml,0,0,Fotky,,,,,Dlouhodobě,710,393,10,9,0,1,28,8,2,18,,,,,,
1146501673940181,100057410770738,"Prague International Chess Festival","Richard Stalmach after Round 4","🙏 ""We both wanted to play."" What an approach for the big Czech battle. We want nothing more. Thank you Richard Stalmach! 🇨🇿🎙

🙏 „Oba jsme chtěli hrát.“ To je ten přístup k velké české bitvě! Nic víc si nepřejeme. Děkujeme, Richarde Stalmachu! 🇨🇿🎙",120,"03/02/2025 08:34",N/A,https://www.facebook.com/PragueChessFestival/videos/1139139260822410/,1,0,Videa,,,,,Dlouhodobě,442,391,7,6,0,1,5,,5,,,3186.913,7.735,0,0,0
1146584293931919,100057410770738,"Prague International Chess Festival","Prague International Chess Festival přidal(a) fotky do alba: PICF 2025 - Round 5 (by Petr Vrabec)",,0,"03/02/2025 11:15",N/A,https://www.facebook.com/PragueChessFestival/posts/pfbid034tGdnotCVmaf1nW6mhfVcEhovYz7Uu6wzTUanBn5okWxKD1aMhqiCoob2SoEfVcPl,0,0,Fotky,,,,,Dlouhodobě,1073,518,19,17,0,2,83,68,15,,,,,,,
1146624170594598,100057410770738,"Prague International Chess Festival","✅ Day 5 complete! Here are the results as we reach the halfway point of our show. Thoughts?🤔

✅ Den 5 je kompletní! Zde jsou výsledky přesně v polovině naší šachové cesty. Co na ně říkáte?🤔",,0,"03/02/2025 12:42",N/A,https://www.facebook.com/PragueChessFestival/posts/pfbid0B6msw2RU4z3mxgky6vEZKopXuo9nh4kMQnt7pzKWBem8LVXFBYrtRfctftZETqv1l,0,0,Fotky,,,,,Dlouhodobě,707,341,3,2,0,1,21,17,4,,,,,,,
1146665607257121,100057410770738,"Prague International Chess Festival","🎟 Už máte lístky na debatu Geopolitické šachy? Začínáme zítra v 19:00. Takovou sestavu nemůžete zmeškat! Těšíme se v Kině 64! 🤩 https://bit.ly/geopoliticke-sachy

🎟 Do you have your tickets for the Geopolitical Chess debate yet? We start tomorrow at 19:00. You can't miss this lineup! See you at Kino 64! 🤩 https://bit.ly/geopoliticke-sachy",,0,"03/02/2025 13:44",N/A,https://www.facebook.com/PragueChessFestival/posts/pfbid0ir4G21FgNydPFmLXhTPbR6dEHwTgajq5tqAG2sBiSmX1mzjEXAZoTpxhzyjDJQYul,0,0,Fotky,,,,,Dlouhodobě,656,361,4,3,0,1,7,1,2,4,,,,,,
1146901897233492,100057410770738,"Prague International Chess Festival","Herec Marek Adamczyk dorazil na Pražský šachový festival, kde ho čekala velká životní premiéra! 🤩 Vůbec poprvé v životě si zahrál partii na oficiálním šachovém tunaji, a to v rámci Karel Janeček Open. A jak to dopadlo? 👀 To vám už brzy prozradíme. 💪

The popular Czech actor Marek Adamczyk arrived at the Prague Chess Festival and played his first-ever official tournament game. He took part in the Karel Janeček Open. How did it go? 👀 Stay tuned to find out soon! 💪","Herec Marek Adamczyk dorazil na Pražský šachový festival, kde ho čekala velká životní premiéra! 🤩 Vůbec poprvé v životě si zahrál partii na oficiálním šachovém tunaji, a to v rámci @[100044490217012:2048:Karel Janeček] Open. A jak to dopadlo? 👀 To vám už brzy prozradíme. 💪

The popular Czech actor Marek Adamczyk arrived at the Prague Chess Festival and played his first-ever official tournament game. He took part in the Karel Janeček Open. How did it go? 👀 Stay tuned to find out soon! 💪",90,"03/02/2025 22:01",N/A,https://www.facebook.com/PragueChessFestival/videos/1057194416449557/,1,0,Videa,,,,,Dlouhodobě,1614,1175,49,44,0,5,44,,44,,,23555.582,16.38,0,0,0
1146986333891715,100057410770738,"Prague International Chess Festival","Highlights from Round 5","👉 It's a rest day in the main event, but yesterday is well worth the visit. Check out our highlights! 😎♟

👉 Hlavní turnaj má dnes volný den, ale včerejšek rozhodně stál za to! Podívejte se na naše nejzajímavější momenty! 😎♟",79,"03/03/2025 01:06",N/A,https://www.facebook.com/PragueChessFestival/videos/606114339004199/,0,0,Videa,,,,,Dlouhodobě,566,408,15,11,0,4,14,,14,,,5126.931,10.172,0,0,0
1147049253885423,100057410770738,"Prague International Chess Festival","📽 Marek Adamczyk si poprvé zahrál na turnaji a nebylo to vůbec špatné! 🔥 Po velmi nadějném výkonu nakonec prohrál na čas s Kadonasem Kestutisem z Litvy. To mu ale na nadšení pro šachy rozhodně neubralo, spíše naopak! 🤩

The Czech actor Marek Adamczyk played in a tournament for the first time, and it was not bad at all! After a very promising performance, he lost on time to Kadonas Kestutis from Lithuania. However, this did not diminish his enthusiasm for chess!","📽 Marek Adamczyk si poprvé zahrál na turnaji a nebylo to vůbec špatné! 🔥 Po velmi nadějném výkonu nakonec prohrál na čas s Kadonasem Kestutisem z Litvy. To mu ale na nadšení pro šachy rozhodně neubralo, spíše naopak! 🤩

The Czech actor Marek Adamczyk played in a tournament for the first time, and it was not bad at all! After a very promising performance, he lost on time to Kadonas Kestutis from Lithuania. However, this did not diminish his enthusiasm for chess!",145,"03/03/2025 03:16",N/A,https://www.facebook.com/PragueChessFestival/videos/2159795738148415/,1,0,Videa,,,,,Dlouhodobě,596,527,5,5,0,0,8,,8,,,5005.631,9.101,0,0,0
1147184077205274,100057410770738,"Prague International Chess Festival","🫶 A valuable experience for our Futures girls! Our ambassador Dana Reizniece shared more than a few valuable lessons for future grandmasters. Thank you so much for your support and for everything you do for women's chess! 👱‍♀️🤝👩

🇨🇿 🫶 Cenná zkušenost pro naše Futures dívky. Naše ambasadorka Dana Reizniece přidala nejednu cennou lekci pro budoucí velmistryně. Moc děkujeme za podporu i za to, co děláte pro ženský šach!👱‍♀️🤝👩",,0,"03/03/2025 07:00",N/A,https://www.facebook.com/PragueChessFestival/posts/pfbid0Wik8C4QBX4Kz6o4BzKuQN4SK1WBUj5ZL23iejME6DGkWrnbJ5NcQVcVd6P55e1fKl,0,0,Fotky,,,,,Dlouhodobě,1066,512,20,20,0,0,98,76,22,,,,,,,
1147204367203245,100057410770738,"Prague International Chess Festival","🎟 Už máte lístky na debatu #Geopolitickéšachy? Začínáme dnes v 19:00. Takovou sestavu nemůžete zmeškat! Těšíme se v Kině 64! Odkaz na vstupenky zde! 🤩 https://bit.ly/geopoliticke-sachy
.
🇬🇧 The debate is only in Czech language.",,0,"03/03/2025 07:35",N/A,https://www.facebook.com/PragueChessFestival/posts/pfbid02LyoJ3Ccmnt1kN78gCsDLhzr22M8HBnVwtD4SHtX3c43ga5fMw6X7aZpGdfveaMbJl,0,1,Text,,,,,Dlouhodobě,509,263,0,0,0,0,12,,1,11,,,,,,
1147258787197803,100057410770738,"Prague International Chess Festival","Wei Yi after Round 5","🧮 Spent a lot of time calculating and the math brought him second win in the row. The Prague comeback continues for Wei Yi! ♟

🇨🇿 🧮 Strávil spoustu času počítáním a to mu nakonec přineslo druhou výhru v řadě. Wei Yi pokračuje ve svém pražském comebacku! ♟",70,"03/03/2025 09:13",N/A,https://www.facebook.com/PragueChessFestival/videos/498003559819193/,0,0,Videa,,,,,Dlouhodobě,331,279,3,3,0,0,0,,,,,1113.095,3.59,0,0,0
1147296273860721,100057410770738,"Prague International Chess Festival","🔥 Před pár minutami odstartovala panelová debata pod moderátorskou taktovkou Čestmíra Strakatého. Na téma Geopolitické šachy nyní diskutují: Tomáš Sedláček, Karel Janeček, Ivan Rynda a Ján Markoš.

A debate on the topic Geopolitical Chess is currently taking place. Only in the Czech language.",,0,"03/03/2025 10:24",N/A,https://www.facebook.com/PragueChessFestival/posts/pfbid0C24zBANax6kvEPzESHNkG8U1p9H4remqFX5RUPbiXW8ioCHAMRseAn9dtMpE9mgtl,0,0,Fotky,,,,,Dlouhodobě,961,478,10,8,0,2,56,43,13,,,,,,,
1147344957189186,100057410770738,"Prague International Chess Festival","Nodirbek Yakubboev after Round 5","🫡 Sometimes you just have to try. It could work. Nodirbek Yakubboev spoke about crazy game against Jáchym Němec with the best outcome for his position in Challengers. 🔝

🇨🇿 🫡 Někdy to prostě musíte zkusit. Mohlo by to vyjít. Nodirbek Yakubboev s námi mluvil o bláznivé partii proti Jáchymu Němcovi, která pro něj v turnaji Challengers dopadla nejlépe, jak mohla. 🔝",92,"03/03/2025 12:08",N/A,https://www.facebook.com/PragueChessFestival/videos/1458019135170779/,0,0,Videa,,,,,Dlouhodobě,384,335,5,4,0,1,2,,2,,,1848.539,5.05,0,0,0
1147712327152449,100057410770738,"Prague International Chess Festival","♟️ From rest day 👉 to chess day! 😎We are ince again looking forward to thrilling battles on the chessboard!

♟️Po dni odpočinku nás opět čeká řada napínavých bitev na šachovnici! 🏁",,0,"03/04/2025 01:50",N/A,https://www.facebook.com/PragueChessFestival/posts/pfbid02hA6SAzMgCchjM11ULB8QViDRTk9A61zLWrj5m7fxFxFZkuA4bac1LjhS81NuEbT8l,0,0,Fotky,,,,,Dlouhodobě,630,314,8,6,0,2,21,17,4,,,,,,,
1147738520483163,100057410770738,"Prague International Chess Festival","Prague International Chess Festival přidal(a) fotky do alba: PICF 2025 - Rest day (by Petr Vrabec)",,0,"03/04/2025 02:43",N/A,https://www.facebook.com/PragueChessFestival/posts/pfbid0SNgoF4qF19UiX1JSne2NPpvC1vPG9DcBRpiG69mrevg2XZaNiCU2XBmgVnWxgFu3l,0,0,Fotky,,,,,Dlouhodobě,1107,535,17,14,0,3,88,64,24,,,,,,,
1147775283812820,100057410770738,"Prague International Chess Festival","PICF 2025 - Rest day","💯 Dance through mother Prague and the world's chessboard. Players enjoyed a free day at the festival walking, debating and of course, playing chess again. Take a look! 🤗

🇨🇿 💯 Tanec matičkou Prahou i šachovnicí světa. Hráči si na festivalu užili volný den procházkami, debatou a samozřejmě opět i svou oblíbenou královskou hrou. Podívejte se na sestřih! 🤗",88,"03/04/2025 03:57",N/A,https://www.facebook.com/PragueChessFestival/videos/1346243346563835/,0,0,Videa,,,,,Dlouhodobě,622,391,12,9,0,3,15,,15,,,7412.526,13.803,0,0,0
1147839540473061,100057410770738,"Prague International Chess Festival","Coming soon: documentary about Garry Kasparov","Many celebrities have come to visit our festival in the past. This year's edition is no exception. Enjoy the words from award-winning director&writer Matej Minac. His next project will be documentary about chess superstar  @[100044538125184:2048:Garry Kasparov]♟️🎥 Během minulých let navštívila náš festival řada celebrit. Ani letošní ročník není výjimkou. Poslechněte si slova úspěšného režiséra a scénáristy Mateje Mináče, který chystá dokument o šachové legendě - Garrim Kasparovi. ♟️🎥",41,"03/04/2025 05:53",N/A,https://www.facebook.com/PragueChessFestival/videos/646436954662078/,0,0,Videa,,,,,Dlouhodobě,425,400,5,4,0,1,5,,5,,,1869.227,4.732,0,0,0
1147896560467359,100057410770738,"Prague International Chess Festival","♟️Welcome to PICF25 - day 6. 💥

#chess #chessgame #chessboard #prague #festival #picf2025","♟️Welcome to PICF25 - day 6. 💥

#chess #chessgame #chessboard #prague #festival #picf2025",15,"03/04/2025 07:30",N/A,https://www.facebook.com/reel/620888173916328/,1,0,Reels,,,,,Dlouhodobě,435,331,7,7,0,0,10,,10,,,1616.485,4.49,0,,0
1147996203790728,100057410770738,"Prague International Chess Festival","Day 6 is not over yet, but here are some pics already! 💥 Enjoy❗

Šestý hrací den ještě ani neskončil, ale už teď si můžete prohlédnout krásné fotografie od",,0,"03/04/2025 10:31",N/A,https://www.facebook.com/PragueChessFestival/posts/pfbid0UHs2NcnuvQXscb1etEVSkWJK6ZATXtQ2ceUP5pEj5YRst9Sn2gs9MhjC6AZ6mYEsl,0,0,Fotky,,,,,Dlouhodobě,925,461,11,9,0,2,82,73,9,,,,,,,
1148033460453669,100057410770738,"Prague International Chess Festival","Only draws in Masters category. 🤝 But three wins for Finek, Bjerre and Ma in Challengers! 🔥 What was the best game of day six? You can vote on our website! 🗳️

V kategorii Masters se remizovalo. 🤝 Ale v Challengers jsme se dočkali hned tří výher (Finěk, Bjerre a Ma)! 🔥 Hlasujte pro nejlepší partii šestého dne na našem webu! 🗳️",,0,"03/04/2025 11:43",N/A,https://www.facebook.com/PragueChessFestival/posts/pfbid0u2ZEH4kBuvPfxy7W1rQyJomoYFv1wxjnAN8jwgUgji7jdPnVDqvuWccWZ2TgQ9Nwl,0,0,Fotky,,,,,Dlouhodobě,766,379,8,6,0,2,31,26,5,,,,,,,
1148099537113728,100057410770738,"Prague International Chess Festival","Here are the standings after 6 rounds. 🤩 Vote for best game of the day! 

Tady jsou výsledky po 6 kolech. ♟️ Hlasujte o nejlepší partii kola! 

praguechessfestival.com/cs/2025/vote",,0,"03/04/2025 14:11",N/A,https://www.facebook.com/PragueChessFestival/posts/pfbid0Wg1mczXpJzLszT35n7G2VQJTaPaQEiXyp1QLs52EeKXd2MoYPw5jCygArP4bE1gkl,0,0,Fotky,,,,,Dlouhodobě,736,368,6,4,0,2,31,22,6,3,,,,,,
1148390337084648,100057410770738,"Prague International Chess Festival","Highlights from day 6 ♟️🤩","Enjoy the best moments from day 6. 😍 Who's your favourite player? Tell us in the comments. 🗣️ Užijte si vybrané momenty z šestého dne! Kdo je váš nejoblíbenější hráč? Napište nám do komentářů. ♟️",96,"03/04/2025 23:46",N/A,https://www.facebook.com/PragueChessFestival/videos/2100783053677623/,0,0,Videa,,,,,Dlouhodobě,459,375,27,23,0,4,4,,4,,,5388.324,13.37,0,0,0
1148406403749708,100057410770738,"Prague International Chess Festival","Prague International Chess Festival přidal(a) fotky do alba: PICF 2025 - Round 6 (by Petr Vrabec)",,0,"03/05/2025 00:21",N/A,https://www.facebook.com/PragueChessFestival/posts/pfbid02nZXaFt5xTfcziexAXJhnDY9aJvTcJaYAnrNCMVna4ZpZ9FRSCexTdfDoBvYAhnAzl,0,0,Fotky,,,,,Dlouhodobě,943,470,19,17,0,2,74,65,8,1,,,,,,
1148492533741095,100057410770738,"Prague International Chess Festival","Show must go on! Round 7 is coming soon. 🔥 

Don Giovanni Hotel Prague

Karavana jede dál. ♟️ Sedmý den startuje za pár hodin. ⏰",,0,"03/05/2025 02:18",N/A,https://www.facebook.com/PragueChessFestival/posts/pfbid016ehugukQfF6yqhupQgsBX1eCj8gMoY53T85yFp2BMoXGLYpbBmYZW5oDoA14UMGl,0,0,Fotky,,,,,Dlouhodobě,661,348,4,2,0,2,23,,,23,,,,,,
1148524480404567,100057410770738,"Prague International Chess Festival","Listen to the words of current co-leader in Futures category! ♟️ Sara Maria Sunea defeated Greza Viti in round 6. 💥

#chess #picf2025 #futurestars","Listen to the words of current co-leader in Futures category! ♟️ Sara Maria Sunea defeated Greza Viti in round 6. 💥

#chess #picf2025 #futurestars",64,"03/05/2025 03:20",uploaded,https://www.facebook.com/reel/662175936228216/,1,0,Reels,,,,,Dlouhodobě,2858,485,336,288,42,6,5,,5,,,30456.847,12.071,0,,0
1148620787061603,100057410770738,"Prague International Chess Festival","Jonas Buhl Bjerre speaks after round 6","""I feel good. I play well."" And that's why is Jonas Buhl Bjerre one of the leaders in Challengers category!  ♟️🔥

„Cítím se fajn a hraju dobře,“ říkal po šesti kolech Jonas Buhl Bjerre. A možná i proto patří k lídrům kategorie Challengers. 🔥",93,"03/05/2025 05:49",N/A,https://www.facebook.com/PragueChessFestival/videos/658245160010916/,0,0,Videa,,,,,Dlouhodobě,379,312,4,3,0,1,2,,2,,,2774.121,7.926,0,0,0
1148654030391612,100057410770738,"Prague International Chess Festival","Difference between 2 PM and 3 PM. ⏰♟️💥 Come see us live to @hotelgiovanni 🤩

#chess #chessgame #chessplayer #prague #festival","Difference between 2 PM and 3 PM. ⏰♟️💥 Come see us live to @hotelgiovanni 🤩

#chess #chessgame #chessplayer #prague #festival",22,"03/05/2025 06:41",mixed,https://www.facebook.com/reel/986489963462197/,1,0,Reels,,,,,Dlouhodobě,550,369,7,7,0,0,7,,7,,,2871.295,6.214,0,,0
1148710663719282,100057410770738,"Prague International Chess Festival","Check out the highlights from best game of round six. 🍿🍿🍿",,0,"03/05/2025 08:17",N/A,https://www.facebook.com/PragueChessFestival/posts/pfbid02n3Vfz9XwA53VT8MrbiZoSXmKTKQPzeMHYJhydNiCq2XF1Sn8Wz38RoKcNwpsQnrDl,0,1,Videa,,,,,Dlouhodobě,422,337,3,3,0,0,2,,2,,,,,,,
1148734790383536,100057410770738,"Prague International Chess Festival","PICF25 is not only about chess, there was also Mathesso tournament today. Check out the pictures from Petr Zewlakk Vrabec 📸✨

Náš festival nejsou jen šachy. ♟️👍 Dnes se v hotelu Don Giovanni Hotel Prague konalo finále hry Mathesso. 😊",,0,"03/05/2025 08:59",N/A,https://www.facebook.com/PragueChessFestival/posts/pfbid02TddzvTjdZUYBfb4BvCCSZCGQ8VfLUWG9DuDHUEdwxM9nQsCq2V2cLYUZzqvCNvFpl,0,0,Fotky,,,,,Dlouhodobě,1956,955,33,27,0,6,72,58,14,,,,,,,
1148887757034906,100057410770738,"Prague International Chess Festival","Here we go, after seven rounds there is a sole leader - Aravindh - in Masters category. In Challengers we can expect a tight race till the end between Bjerre and Yakubboev. 😎

Po sedmi kolech se do čela tabulky Masters dostal Aravindh z Indie. V kategorii Challengers můžeme očekávat těsnou bitvu mezi Dánem Bjerrem a Yakubboevem z Uzbekistánu.",,0,"03/05/2025 13:27",N/A,https://www.facebook.com/PragueChessFestival/posts/pfbid02pYrT4fSryqqK1KsTtiL9XhxPbdtWtH4CfC171j2RmSjSf2eV2kzs2AVXCByJBofjl,0,0,Fotky,,,,,Dlouhodobě,892,425,6,3,1,2,37,32,4,1,,,,,,
1148905690366446,100057410770738,"Prague International Chess Festival","Prague International Chess Festival přidal(a) fotky do alba: PICF 2025 - Round 7 (by Petr Vrabec)",,0,"03/05/2025 14:08",N/A,https://www.facebook.com/PragueChessFestival/posts/pfbid0ejeknpJmb9zTu8MzhYZsJbspGMorZprZ2mAud15mZY4bKZUMGnPdczehX7knY27Yl,0,0,Fotky,,,,,Dlouhodobě,1158,509,15,13,0,2,71,53,18,,,,,,,
1149175673672781,100057410770738,"Prague International Chess Festival","Good morning, round 8 is coming soon. ♟️ Are you excited? We are! 😍

Dobré ráno, těšíte se na zápasy osmého kola? My ano 😍",,0,"03/05/2025 23:05",N/A,https://www.facebook.com/PragueChessFestival/posts/pfbid02q8bjnXJKghPPw96gGh1yZyW533T9oqSvAqDjPjXFeUMefcU2atqnfJm4QKgnuE2tl,0,0,Fotky,,,,,Dlouhodobě,965,455,12,9,0,3,21,18,3,,,,,,,
1149285006995181,100057410770738,"Prague International Chess Festival","Highlights from round 7","♟Highlights from round 7, at your service.😊📽

Co se stalo v sedmém kole? Podívejte se sami. 👀",92,"03/06/2025 02:55",N/A,https://www.facebook.com/PragueChessFestival/videos/674344921672450/,0,0,Videa,,,,,Dlouhodobě,476,387,16,13,1,2,8,,8,,,3202.814,7.553,0,0,0
1149479366975745,100057410770738,"Prague International Chess Festival","Blitz chess. 💥 Blink and you miss it. 🔥

Bleskové šachy. 📸 Petr Zewlakk Vrabec",,0,"03/06/2025 08:22",N/A,https://www.facebook.com/PragueChessFestival/posts/pfbid0oYs5hWDoHddc7Q7747howpkgh72Ue1jzWT4sQ6V9FmDJ9msSCSxnY8fuDj6Htx1gl,0,0,Fotky,,,,,Dlouhodobě,853,454,7,6,1,0,64,50,14,,,,,,,
1149488436974838,100057410770738,"Prague International Chess Festival",🤗,,0,"03/06/2025 08:37",N/A,https://www.facebook.com/PragueChessFestival/posts/pfbid0UPsNzXfR9FNTdD5DNd4Wy7t31YSvoRDx6XwJBNoZSALooEQm1sZojp2AZKRWuqFJl,0,1,Odkazy,,,,,Dlouhodobě,907,436,9,9,0,0,18,,5,13,,,,,,
1149570480299967,100057410770738,"Prague International Chess Festival","Prague International Chess Festival přidal(a) fotky do alba: PICF 2025 - Round 8 (by Petr Vrabec)",,0,"03/06/2025 11:13",N/A,https://www.facebook.com/PragueChessFestival/posts/pfbid02UddTC5VxXP7CLUpeMy9Xoy6q6VJqSGuCSCh8aBZjgAbWtJXteqbWR3UwjgRXatEtl,0,0,Fotky,,,,,Dlouhodobě,1130,592,28,26,0,2,162,128,34,,,,,,,
1149571486966533,100057410770738,"Prague International Chess Festival","Our festival is nearly finished! 🔥 Only one round to go. Enjoy the pictures from today.  📸

Náš festival se pomalu chýlí ke konci. Zbývá už jen jedno kolo. Turnaj ale bude dál žít v naší galerii. 🥰",,0,"03/06/2025 11:15",N/A,https://www.facebook.com/PragueChessFestival/posts/pfbid05CQCqfL1dPFDeqWkqqRhmMeVW4wEqy9rZqeeGPfoHmnFc8xH6VKfyL55mV1eaDepl,0,1,Fotky,,,,,Dlouhodobě,1005,494,5,5,0,0,63,58,5,,,,,,,
1149902066933475,100057410770738,"Prague International Chess Festival","Last day, are you excited? 🥳 Before we start at 11 AM, here are the highlights from the penultimate round! 👌🎥

Poslední den, těšíte se? 🤩 Než v 11:00 začneme, pusťte si nejzajímavější momenty z předposledního kola! 👌

@chessbaseindia","Last day, are you excited? 🥳 Before we start at 11 AM, here are the highlights from the penultimate round! 👌🎥

Poslední den, těšíte se? 🤩 Než v 11:00 začneme, pusťte si nejzajímavější momenty z předposledního kola! 👌

@chessbaseindia",93,"03/06/2025 23:05",N/A,https://www.facebook.com/PragueChessFestival/videos/618472191017305/,1,0,Videa,,,,,Dlouhodobě,673,355,10,10,0,0,4,,4,,,5846.315,10.591,0,0,0
1149941960262819,100057410770738,"Prague International Chess Festival","Here we go! 🔥 The final round starts at 11:00. ⏰ Enjoy the last day of the Prague International Chess Festival! 

🇨🇿 Je to tady! Poslední kolo startuje už v 11:00. Užijte si poslední den Pražského šachového festivalu!",,0,"03/07/2025 00:31",N/A,https://www.facebook.com/PragueChessFestival/posts/pfbid0tZ9Kkxff3x1nCU7wvPxT8xCLQWDM9SdTXJQxwoVbijkAsyN4wJ9WwMCL9UMbeooml,0,0,Fotky,,,,,Dlouhodobě,732,392,4,4,0,0,12,10,2,,,,,,,
1150033676920314,100057410770738,"Prague International Chess Festival","Round 9 has just begun! 🔥 Who will be the winner of the Prague International Chess Festival?

9. kolo právě odstartovalo! Kdo bude vítězem Pražského šachového festivalu?",,0,"03/07/2025 02:41",N/A,https://www.facebook.com/PragueChessFestival/posts/pfbid0GkWmjEP873HtBEm4zHDMM3CHPi6oSp5MwQYG75oca3b4wbT9PWon2gq3sebmosVfl,0,0,Fotky,,,,,Dlouhodobě,830,411,6,6,0,0,23,18,5,,,,,,,
1150065383583810,100057410770738,"Prague International Chess Festival","The very last rodeo of the year! The ceremonial first move was performed by none other than the director of CZECH INN HOTELS  Jaroslav Svoboda. Thank you for your wonderful hospitality! ♟️🤝

🇨🇿 Poslední rodeo tohoto roku! Slavnostní první tah neprovedl nikdo jiný než ředitel Czech Inn Hotels Jaroslav Svoboda. Děkujeme za skvělou pohostinnost v Don Giovanni Hotel Prague!
📷 Petr Vrabec",,0,"03/07/2025 03:36",N/A,https://www.facebook.com/PragueChessFestival/posts/pfbid037vRgFiGfxQCR7ZGPGy5LDXHHYqhZ4tDoTvDaudVLqqshJ9thmVRDiXWYPy8xjFAEl,0,0,Fotky,,,,,Dlouhodobě,844,480,6,6,0,0,7,3,4,,,,,,,
1150090520247963,100057410770738,"Prague International Chess Festival","Anish Giri after Round 8","🤫 Never improvise against Anish Giri! After a setback in the previous round, the Dutch GM bounced back with a victory over Sam Shankland. ✌️♟

🇨🇿 🤫 Nikdy neimprovizujte proti Anishi Girimu! Po nezdaru v předchozím kole se nizozemský velmistr vrátil do hry vítězstvím nad Samem Shanklandem. ✌️♟",108,"03/07/2025 04:10",N/A,https://www.facebook.com/PragueChessFestival/videos/1836299070519750/,0,0,Videa,,,,,Dlouhodobě,501,417,9,9,0,0,3,,3,,,3836.831,8.359,0,0,0
1109961387594210,100057410770738,"Prague International Chess Festival","💪 The winner takes it all! Let us add some promising Challengers to our 2025's roster! In the left corner, the youngest Dane grandmaster in history Jonas Bjerre. In the right, three times Uzbek champion, gold medalist of Qatar Masters and personal nemesis to PICF last winner Nodirbek Abdusattorov, Nodirbek Yakubboev. Could they take the crown and play Masters in 2026? Read more 🤝 https://praguechessfestival.com/en/2025/clanek?id=481

🇨🇿 💪 Vítěz bere vše! Pojďme rozšířit náš seznam pro rok 2025 o několik slibných Challengerů! V levém rohu nejmladší dánský velmistr v historii Jonas Buhl Bjerre. Vpravo trojnásobný uzbecký šampion, zlatý medailista z Qatar Masters a osobní nemesis posledního vítěze PICF Nodirbeka Abdusattorova, Nodirbek Jakubbojev. Poperou se právě oni o prvenství a postup do Masters v roce 2026? Přečtěte si více🤝  https://praguechessfestival.com/cs/2025/clanek?id=480",,0,"01/10/2025 23:56",N/A,https://www.facebook.com/PragueChessFestival/posts/pfbid0Grjqz23NrtqBSHFB4qKLmxfy4k9M4HnNNJ82KJ53pbiucHZc9VzG1kDqGk2mcfLhl,0,0,Fotky,,,,,Dlouhodobě,661,356,7,6,0,1,11,4,,7
1104691164787899,100057410770738,"Prague International Chess Festival","World's no. 1 and jeans lover Magnus Carlsen and Ian Nepomniachtchi, current no. 8. Our new World Blitz champions! 🏆

Top players sharing the spot on the big stage. We have seen it in sports all around, but is that right? We love to hear your thoughts! 👇💬

🇨🇿  Světová jednička a milovník džínů Magnus Carlsen a Jan Něpomňaščij, aktuální č. 8. Naši noví mistři světa v Blitzkách! 🏆

Nejlepší hráči se dělí o první místo na takto velké scéně. Viděli jsme to v jiných sportech, ale je to správné vyústění špičkového souboje? Rádi si přečteme, jaký na to máte názor! 👇💬",,0,"01/03/2025 05:57",N/A,https://www.facebook.com/PragueChessFestival/posts/pfbid0z1JpQvGJXDqBbMq4aD8PagHjEKjbpeY7GbBVoV3q68jpikCwWfmZcbxa8LX6XHBHl,0,1,Fotky,,,,,Dlouhodobě,625,329,4,4,0,0,11,3,8,
1115968870326795,100057410770738,"Prague International Chess Festival","The return of king Sam and Aravindh on the rise to glory! 🤩

Good news. We still have a lot to offer you. Meet more of our Masters! The American 2021 champion GM Sam Shankland will return after a one-year break. Will he be the first one who'll take the crown for the second time?

New, but powerful competition, has the name Aravindh Chithambaram.  The Indian GM crossed the 2700 mark in July and he ended the year with a valuable victory at the prestigious Chennai Grand Masters. ♟

🇨🇿 Návrat krále Sama a Aravindh na vzestupu ke slávě! 🤩

Dobrá zpráva. Stále vám máme co nabídnout. Seznamte se s dalšími účastníky letočšních Masters! Americký šampion z roku 2021 GM Sam Shankland se vrátí po roční pauze. Bude prvním, kdo v turnaji uspěje podruhé?

Nová, ale silná konkurence, má jméno Aravindh Chithambaram. Indický GM v červenci překonal hranici 2700 ELO bodů a rok zakončil cenným vítězstvím na prestižním Chennai Grand Masters. ♟",,0,"01/19/2025 12:42",N/A,https://www.facebook.com/PragueChessFestival/posts/pfbid028QbxVDtgubi1dBcvNciFKVHkXmZQ5x82MXuDbPG65pFzNrqY3USzSBePx168denpl,0,0,Fotky,,,,,Dlouhodobě,647,323,10,10,0,0,7,4,3,
1111114174145598,100057410770738,"Prague International Chess Festival","🫵 Riddle me this. Youngest GM of France with second spot in the Challengers tournament of the prestigious Tata Steel Chess Tournament and Greek champ who triumphed in last year’s Karel Janeček Open Tournament. Welcome on board Marc'Andria Maurizzi and Stamatis Kourkoulos-Arditis! 🇫🇷 🇬🇷

🫵 Hádejte, koho tu ještě máme. Nejmladší GM Francie se stříbrem z turnaje Challengers prestižního Tata Steel Chess turnaje a řecký šampion, který triumfoval na našem loňském Openu Karla Janečka. Vítejte na palubě Marc'Andrio Maurizzi a Stamatisi Kourkoulosi-Arditisi! 🇫🇷 🇬🇷",,0,"01/12/2025 12:03",N/A,https://www.facebook.com/PragueChessFestival/posts/pfbid0b8jTV7VucfhXYYSSwonRidDtWv3yqZ4rCNfgoBvMyWwpTdygJRkhHGiwJ7EhmWDGl,0,0,Fotky,,,,,Dlouhodobě,1229,700,9,8,0,1,25,12,13,
