"ID příspěvku","ID účtu","Uživatelské jméno účtu","Název účtu",Popis,"Délka (v sekundách)","Čas zveřejnění","Přímý odkaz","Typ příspěvku","Komentář s daty",Datum,Zobrazení,Dosah,"To se mi líbí",Sdílené,Sledující,Komentáře,Uložení
17979936389801199,17841409576254354,praguechessfestival,"Prague Chess Festival","♟👱‍♀️ The Girls from the Future

We are proud to present this year's all-female Futures roster! Every year, we strive to highlight the importance of women who have found their passion in the royal game.

With the support of our amazing ambassador, @fide_chess Managing Director @reizniecedana, this effort has never been more rewarding than in the upcoming tournament.

These young players will make you fall in love with chess all over again. 🫶 See you in Prague Greta Viti, Zuzana Stará, Sofiia Markina, Sara Maria Sunea, Alona Tolmaceva, Maria Anistoroaei, Tamae Severina Jakubse, Kaja Rzadkowska, Lilian Schirmbeck and Lila Rzadkowska! 
.
#PICF #PICF2025 #Futures #womeninchess #DanaReizniece #chess #chessgame @fidewomen",0,"02/05/2025 22:08",https://www.instagram.com/p/DFuILfhqTc3/,"IG carousel",,Dlouhodobě,4961,2577,123,0,4,5,4
18081107482648633,17841409576254354,praguechessfestival,"Prague Chess Festival","✨ Watch the full recording of (Sou)hra / (Inter)Play! ✨
Experience this stunning dance performance, recorded live at our Prague International Chess Festival.

🩰 Directed & choreographed by: @alena.peskova.16 
🎶 Music composed by: @gabrielavermelho 

Enjoy the interplay of movement, where dance meets the art of chess! ♟️💃

🇨🇿 ✨ Podívejte se na kompletní záznam představení (Sou)hra / (Inter)Play! ✨
Zažijte jedinečné taneční vystoupení, které bylo živě uvedeno na našem Pražském šachovém festivalu.

🩰 Režie a choreografie: Alena Pešková
🎶 Hudba: Gabriela Vermelho

Užijte si souhru pohybu, kde se tanec setkává s uměním šachu! ♟️💃
.
#chess #sachy #praguemasters #dance",900,"03/27/2025 23:25",https://www.instagram.com/reel/DHu5hv0I7NH/,"IG reel",,Dlouhodobě,1163,721,20,0,0,0,2
18118957150448212,17841409576254354,praguechessfestival,"Prague Chess Festival","Happy 40th birthday to our 🇨🇿 legend David Navara! Join us in celebration 🎉 and leave David some nice message in the comments! 

🇨🇿 Legenda českého šachu David Navara slaví 40! Přidejte se k oslavám a zanechte mu v komentářích nějaký pěkný vzkaz! 🎉
📷 Petr Vrabec @zewlakk_foto 
.
#chess #sachy #DavidNavara #picf #czechchess",0,"03/27/2025 14:42",https://www.instagram.com/p/DHt-BQVIMRt/,"IG carousel",,Dlouhodobě,1247,556,65,0,0,1,0
18063620914947688,17841409576254354,praguechessfestival,"Prague Chess Festival","„Věda je nástroj naší schopnosti racionálně myslet.“
Děkujeme za skvělý sedmý ročník Pražského šachového festivalu, @karel252! Ty nejlepší šachové partie v Praze se hrály díky mimořádné podpoře @janecekfoundation. Podívejte se, jak nadace přispívá k lepšímu životu u nás i ve světě! 🫶

🇬🇧 “Science is a tool of our ability to think rationally.”
Thank you for an amazing seventh edition of the Prague Chess Festival, @karel252! The best chess games in Prague were played with the exceptional support of @janecekfoundation. Check out how the foundation contributes to a better life both here and around the world! 🫶
.
#PICF #PICF2025 #chess #kareljanecek #janecekfoundation #šachy @decision_21 @znesnaze @institute_h21 @archa21.cz",59,"03/21/2025 01:25",https://www.instagram.com/reel/DHdFxemozBU/,"IG reel",,Dlouhodobě,1019,749,11,3,0,0,0
18087594175526052,17841409576254354,praguechessfestival,"Prague Chess Festival","How it started ➡️ How it’s going! Watch our favorite Hand & Brain duo in action—actor @marekadamczyk_cz and @gmsamshankland first teamed up in 2022, and they reunited on the final evening of this year’s tournament. And guess what? They’re only getting better! 🔥♟️

🇨🇿 Jak to začalo ➡️ Jak to jde! Sledujte naši oblíbenou dvojici v Hand & Brain šachu – herec Marek Adamczyk a GM Sam Shankland se poprvé dali dohromady v roce 2022 a znovu se spojili poslední večer letošního turnaje. A hádejte co? Jsou čím dál lepší! 🔥♟️
.
📷 Petr Vrabec (@zewlakk_foto) & Anežka Kružíková (@anezkakruzikova) #chess #handandbrain #PICF #PICF2025 #šachy #marekadamczyk #samshankland #PragueMasters",0,"03/18/2025 02:50",https://www.instagram.com/p/DHVhZOfoqfn/,"IG carousel",,Dlouhodobě,1434,804,70,1,0,0,4
18058208369090928,17841405013437752,karel252,"Karel Janeček","@praguechessfestival 2025 je za námi. 🏁

Opět se potvrdilo, že s každým dalším ročníkem úroveň tohoto prestižního turnaje světových parametrů stoupá. 📈 I letos jsme byli svědky napínavých soubojů, viděli nečekané tahy a zažili skvělou atmosféru. 

Ještě jednou děkuji řediteli turnaje Petrovi Boleslavovi i ostatním organizátorům a gratuluji všem vítězům. Včetně Thomase Beerdsena, který vyhrál Karel Janeček Open a nominoval se tak do turnaje Challengers v příštím roce! 👏🏻

Na závěr akce jsem se zúčastnil také tradičního turnaje Hand & Brain, kde jsem měl tu čest utkat se se šachovými velmistry nebo třeba @marekadamczyk_cz, který byl letošní tváří Prague Chess Festivalu. ♟️

A o co vlastně v této šachové variantě jde? Je to jednoduché a hodně zábavné! Hraje se ve dvojicích a zatímco jeden z týmu vybírá figurku, druhý s ní táhne – ale už nedostává instrukce kam. Takže nikdy nevíte, jak to dopadne a jestli jste správně odhadli, co váš spoluhráč zamýšlí. 🤔

Už se těším na příští ročník! A co vy?

#kareljanecek #praguechessfestival #sachy #turnaj #chess",88,"03/12/2025 05:22",https://www.instagram.com/reel/DHGV-cbv38K/,"IG reel",,Dlouhodobě,3653,2577,73,3,,2,0
18053697992171202,17841409576254354,praguechessfestival,"Prague Chess Festival","👉 One hand, one brain, and endless laughs! Check out the highlights from our legendary afterparty game. Any guesses on which duo nailed it? 🧠

🇨🇿 👉 Jedna ruka, jeden mozek a nekonečná zábava! Podívejte se na nejlepší momenty z naší legendární afterparty hry. Uhádnete, která dvojice ji zvládla nejlépe? 🧠
.
#handandbrain #chess #PICF #PICF2025 #šachy @karel252 @hotelgiovanni @divyachess @pragg_chess @marekadamczyk_cz @gmsamshankland @czechinnhotels @novyborchess",101,"03/11/2025 02:49",https://www.instagram.com/reel/DHDfpldsa3l/,"IG reel",,Dlouhodobě,1057,674,23,5,0,0,3
18088932493501867,17841409576254354,praguechessfestival,"Prague Chess Festival","🫡 Complete focus, then relief—and a ticket to next year’s #Challengers tournament! Congratulations again to our @karel252 Open champion, #ThomasBeerdsen. See you in 2026! 🔝

🇨🇿 🫡 Naprosté soustředění, potom úleva—a vstupenka do turnaje Challengers na příští rok! Ještě jednou gratulujeme vítězi Karel Janeček Openu, Thomasi Beerdsenovi. Uvidíme se v roce 2026! 🔝 
.
📷 Petr Vrabec (@zewlakk_foto) #PICF #PICF2025 #chess #Open #PragueMasters #PragueChess @arsenal",0,"03/09/2025 13:12",https://www.instagram.com/p/DG_ddOOtFxa/,"IG carousel",,Dlouhodobě,1542,746,64,0,1,1,3
17873288709297581,17841403793118748,chessbaseindia,"ChessBase India","What a wonderful frame. Two very good friends off the board, and fierce competitors on it! Aravindh Chithambaram and Rameshbabu Praggnanandhaa after a tense finish of the Prague Chess Masters 2025.

Pragg won the Tata Steel Masters in February, Aravindh conquered Prague Masters in March. Pragg is the India no.3 player right now with a live rating of 2758.2, while Aravindh is India no.4, rated 2743.

Both Pragg and Aravindh have been working with coach RB Ramesh since their childhood, and have interacted and trained with each other a lot. They have come a long way! 

Photo: Petr Vrabec
#chess #chessbaseindia #aravindh #praggnanandhaa
#praguechessfestival",0,"03/09/2025 12:50",https://www.instagram.com/p/DG_a5VeTWY3/,"IG image",,Dlouhodobě,141592,88204,8928,29,,14,0
17958195245879437,17841409576254354,praguechessfestival,"Prague Chess Festival","🖐🧠 Nothing beats some after-hours Hand & Brain action! A great festival tradition continued under the roof of @hotelgiovanni, featuring some fantastic pairings. Take a look!

🇨🇿 🖐🧠 Nic nepřekoná tradiční Hand & Brain zábavu! Skvělá festivalová tradice pokračovala pod střechou hotelu Don Giovanni, kde jsme v akci viděli několik úžasných dvojic. Podívejte se na fotky!
📷 Petr Vrabec (@zewlakk_foto)
.
#PICF #PICF2025 #handandbrain #chess #šachy @anishgiri94 @divyachess @perusicschweiner @karel252 @thaidaivan_nguyen @gmsamshankland @marekadamczyk_cz @pragg_chess @jaroslav.svoboda.338658 @vantika_agrawal @edizgurel @czechinnhotels @hotelgiovanni",0,"03/09/2025 05:04",https://www.instagram.com/p/DG-lifcIG5r/,"IG carousel",,Dlouhodobě,2765,1499,97,4,0,0,5
18270552766253343,17841409576254354,praguechessfestival,"Prague Chess Festival","🔜 The chessboards are packed away, the pieces safely stored. But the memories? They linger and will stay with us for a long time. One thing is certain—time flies! Before we know it, another year will pass, and we’ll meet again at @hotelgiovanni. We can’t wait to see you all! ♟️✨ #PICF2026

🇨🇿 🔜 Šachovnice jsou uklizené, figury bezpečně schované. Ale vzpomínky? Ty přetrvávají a zůstanou s námi ještě dlouho. Jedno je však jisté – čas letí! Rok uteče jako voda, a my se znovu setkáme v hotelu Don Giovanni. Už se vás nemůžeme dočkat! ♟️✨ #PICF2026
.
#PICF #PICF2025 #seeyousoon #šachy #chess #PragueMasters #Praguechess @karel252 @europeanchessunion @sachovysvaz @novyborchess @czechinnhotels",0,"03/08/2025 11:33",https://www.instagram.com/p/DG80I8tB0Mh/,"IG image",,Dlouhodobě,958,553,33,1,0,0,1
18063653515772514,17841409576254354,praguechessfestival,"Prague Chess Festival","🤝 Bound to win together! Congratulations to our best Masters-Futures combo this year! The path to greatness is paved with inspiration, and you certainly showed that! 🫶

🇨🇿 🤝 Společně k vítězství! Gratulujeme našemu nejlepšímu Masters-Futures týmu letošního roku! Cesta k velikosti je dlážděna inspirací – a vy jste to jednoznačně prokázali! 🫶

#chess #PICF #PICF2025 #Futures #Masters #šachy #womenchess #womeninchess @fidewomen",0,"03/08/2025 09:10",https://www.instagram.com/p/DG8jxc-sLnr/,"IG image",,Dlouhodobě,2625,1556,78,1,0,0,0
17893439100190683,17841409576254354,praguechessfestival,"Prague Chess Festival","🎥 Winner of the #Challengers tournament @nodirbekyakubboev spoke in an interview about the dramatic tiebreak.👇

🇨🇿 Vítěz Challengers #NodirbekYakubboev mluvil v rozhovoru o dramatickém tiebreaku. 👇
.
#chess #PICF #PICF2025 #šachy #PragueMasters #Praguechess",113,"03/08/2025 07:24",https://www.instagram.com/reel/DG8Xi3ACobU/,"IG reel",,Dlouhodobě,875,617,20,0,1,0,0
18062328314502953,17841409576254354,praguechessfestival,"Prague Chess Festival","✅ All said and done! Here are the final results of this year’s @praguechessfestival. Which score surprised you the most?

🇨🇿 ✅ Sečteno, podtrženo! Tady jsou finální výsledky letošního Pražského šachového festivalu. Které skóre vás nejvíc překvapilo?
.
#chess #PICF #PICF2025 #PragueMasters #Praguechess #šachy",0,"03/08/2025 06:59",https://www.instagram.com/p/DG8U4iiobrg/,"IG carousel",,Dlouhodobě,1662,857,65,2,0,0,1
18064304413754815,17841409576254354,praguechessfestival,"Prague Chess Festival","🎥 Winner of the Prague International Chess Festival Aravindh Chithambaram: ""After I got the lead, I could not sleep at all. I was thinking of winning the tournament, like every single time.""

🇨🇿 Vítěz Pražského šachového festivalu Aravindh Chithambaram: ""Poté, co jsem se dostal do vedení, jsem vůbec nemohl spát. Neustále jsem přemýšlel o vítězství v turnaji, doslova každou chvíli.""",72,"03/08/2025 03:35",https://www.instagram.com/reel/DG78x3rByhH/,"IG reel",,Dlouhodobě,1214,800,39,0,0,0,4
17862593658359779,17841411816689917,chesscomindia,"Chesscom India","Congratulations to Vantika Agrawal for securing 1st place in the Women’s category at the Prague GM Open 2025! 🎉🔥",0,"03/08/2025 02:09",https://www.instagram.com/p/DG7zqAQTL_T/,"IG image",,Dlouhodobě,22460,15908,683,1,,0,0
18125597056421523,17841409576254354,praguechessfestival,"Prague Chess Festival","Here are the winners of the Prague International Chess Festival! 👏 Check out the photos from the Closing ceremony. 📸♟️

Tady jsou vítězové PICF! Prohlédněte si fotky ze závěrečného ceremoniálu.

Photo: Anežka Kružíková
#chess #chessgame #prague #festival #picf2025",0,"03/08/2025 01:01",https://www.instagram.com/p/DG7rz89MDCh/,"IG carousel",,Dlouhodobě,1962,1058,112,1,1,0,3
18046329251340267,17841409576254354,praguechessfestival,"Prague Chess Festival","🎥 The last day of the Prague International Chess Festival is behind us. Chess has taken over Prague completely! 🔥Take a look at how the final round unfolded.

🇨🇿 Poslední den Pražského šachového festivalu je za námi. Šachy ovládly Prahu naplno! Podívejte se, jak probíhalo závěrečné kolo.

#chess #chessgame #prague #festival #picf2025",141,"03/07/2025 23:55",https://www.instagram.com/reel/DG7iMr8BJNI/,"IG reel",,Dlouhodobě,1920,1039,41,1,0,1,4
18269352118282330,17841409576254354,praguechessfestival,"Prague Chess Festival","🏐 World champion Ondřej Perušič on chess and playing hand & brain with @divyachess! Thank you for being here! 🙏
.
@perusicschweiner #PICF #PICF2025 #chess #beachvolleyball #ondrejperusic",71,"03/07/2025 12:53",https://www.instagram.com/reel/DG6YMpgIZNE/,"IG reel",,Dlouhodobě,5787,4408,48,3,1,0,0
17853513453401805,17841409576254354,praguechessfestival,"Prague Chess Festival","Round 9 in photos!🔥

📸 Petr Vrabec",0,"03/07/2025 12:30",https://www.instagram.com/p/DG6V6h9sp0B/,"IG carousel",,Dlouhodobě,1426,820,72,0,1,0,3
18085354990593838,17841409576254354,praguechessfestival,"Prague Chess Festival","That will do it! @nodirbekyakubboev is heading to next year’s Masters after defeating @jonasbbjerre in two thrilling games. Congratulations! 🔥🏆

Je hotovo! #NodirbekYakubboev míří do příštího ročníku Masters poté, co porazil Jonase Buhla Bjerra ve dvou napínavých partiích. Gratulujeme! 🔥🏆
.
#chess #PICF #PICF2025 #šachy #PragueMasters #Praguechess #Challengers",0,"03/07/2025 09:32",https://www.instagram.com/p/DG6Bh5bo2C7/,"IG image",,Dlouhodobě,22799,4150,200,5,1,11,1
18118842235436987,17841409576254354,praguechessfestival,"Prague Chess Festival","The result that crowned our winner and set up an exciting tiebreak! Congratulations to the top players and fingers crossed for the grand finale! 🤞

Výsledky, které korunovaly našeho vítěze a připravily půdu pro napínavý tiebreak! Gratulace nejlepším hráčům – držíme palce na velké finále! 🤞
.
#chess #PICF #PICF2025 #šachy #PragueChess #PragueMasters",0,"03/07/2025 08:34",https://www.instagram.com/p/DG5637goqQV/,"IG carousel",,Dlouhodobě,2400,1264,54,2,0,0,2
18032037311632882,17841409576254354,praguechessfestival,"Prague Chess Festival","Victory belongs to #SaraMariaSunea! Congratulations on claiming glory in the first-ever all-female @praguechessfestival Futures! 🇷🇴💯

🇨🇿 Vítězství patří Saře Marii Sunea! Gratulujeme k triumfu v historicky prvním čistě ženském turnaji Futures na Prague International Chess Festivalu! 🇷🇴💯
.
#chess #PICF #PICF2025 #Futures #šachy #womenchess #womeninchess @fidewomen",0,"03/07/2025 08:02",https://www.instagram.com/p/DG53OB-INDt/,"IG image",,Dlouhodobě,2919,1852,97,4,0,1,1
18003130394567461,17841409576254354,praguechessfestival,"Prague Chess Festival","🔥♟ The battle isn’t over yet! It’s tiebreak time for @nodirbekyakubboev and @jonasbbjerre. Who will secure a spot in the Masters? Stay tuned! 💪 #Challengers

🇨🇿 🔥♟ Boj ještě nekončí! Čeká nás tiebreak mezi Nodirbekem Yakubboevem a Jonasem Buhlem Bjerrem. Kdo si zajistí místo v Masters? Sledujte velké finále #Challengers! 💪
.
#chess #PICF #PICF2025 #šachy #PragueMasters #challengers #PragueChess",0,"03/07/2025 06:35",https://www.instagram.com/p/DG5tTM7o37l/,"IG image",,Dlouhodobě,1798,1039,30,0,0,1,0
17916764807965924,17841409576254354,praguechessfestival,"Prague Chess Festival","It's him! 👑 The crown of the Masters tournament at the 7th @praguechessfestival  belongs to #AravindhChithambaram! Congratulations! 🏆⭐️

🇨🇿 To je on! 👑 Titul šampiona turnaje Masters na sedmém Prague International Chess Festivalu patří Aravindhu Chithambaramovi! Gratulujeme! 🏆⭐️
.
#PICF #PICF2025 #winner #chess #PragueMasters #šachy @hotelgiovanni @sachovysvaz",0,"03/07/2025 05:41",https://www.instagram.com/p/DG5nJcLoNAh/,"IG image",,Dlouhodobě,7174,5325,284,28,0,7,7
18063422776770690,17841409576254354,praguechessfestival,"Prague Chess Festival","🤫 Never improvise against @anishgiri94! After a setback in the previous round, the Dutch GM bounced back with a victory over @gmsamshankland. ✌️♟

🤫 Nikdy neimprovizujte proti Anishi Girimu! Po nezdaru v předchozím kole se nizozemský velmistr vrátil do hry vítězstvím nad Samem Shanklandem. ✌️♟
.
#PICF #PICF2025 #chess #AnishGiri #PragueMasters #SamShankland #šachy #Praguechess",108,"03/07/2025 04:10",https://www.instagram.com/reel/DG5cqApC16F/,"IG reel",,Dlouhodobě,1888,1234,19,0,3,0,0
17876710227185433,17841409576254354,praguechessfestival,"Prague Chess Festival","The very last rodeo of the year! The ceremonial first move was performed by none other than the director of @czechinnhotels  @jaroslav.svoboda.338658. Thank you for your wonderful hospitality! ♟️🤝

🇨🇿 Poslední rodeo tohoto roku! Slavnostní první tah neprovedl nikdo jiný než ředitel Czech Inn Hotels Jaroslav Svoboda. Děkujeme za skvělou pohostinnost!""
📷 Petr Vrabec
.
 #PICF #PICF2025 #chess @hotelgiovanni @gmsamshankland #PragueMasters",0,"03/07/2025 03:23",https://www.instagram.com/p/DG5XRXuIMq7/,"IG image",,Dlouhodobě,2194,1155,32,0,0,0,0
18139718755348790,17841409576254354,praguechessfestival,"Prague Chess Festival","Here we go! 🔥 The final round starts at 11:00. ⏰ Enjoy the last day of the Prague International Chess Festival! 

🇨🇿 Je to tady! Poslední kolo startuje už v 11:00. Užijte si poslední den Pražského šachového festivalu!",0,"03/07/2025 00:31",https://www.instagram.com/p/DG5DlcKJ7T0/,"IG carousel",,Dlouhodobě,1289,803,25,1,0,1,0
18041207432604468,17841409576254354,praguechessfestival,"Prague Chess Festival","Last day, are you excited? 🥳 Before we start at 11 AM, here are the highlights from the penultimate round! 👌🎥

Poslední den, těšíte se? 🤩 Než v 11:00 začneme, pusťte si nejzajímavější momenty z předposledního kola! 👌

#chess #chessgame #prague #festival #picf25

@chessbaseindia",93,"03/06/2025 23:35",https://www.instagram.com/reel/DG49Mb4tCJH/,"IG reel",,Dlouhodobě,913,706,15,0,0,0,0
18026728178341520,17841409576254354,praguechessfestival,"Prague Chess Festival","Aravindh leads Masters category by half a point! 🤯 In Challengers @nodirbekyakubboev leads by the same measure. 💪💥 It's gonna be tight tomorrow! 💣

#chess #chessgame #prague #festival #picf2025",0,"03/06/2025 11:47",https://www.instagram.com/p/DG3sJatMnJA/,"IG carousel",,Dlouhodobě,1940,1085,44,5,0,0,0
18009777224709631,17841409576254354,praguechessfestival,"Prague Chess Festival","Our festival is nearly finished. Here are some pictures from round 8! 🔥

📷 by @zewlakk_foto",0,"03/06/2025 10:47",https://www.instagram.com/p/DG3lR2CMSV1/,"IG carousel",,Dlouhodobě,3083,1396,111,2,1,0,5
18160297831350574,17841409576254354,praguechessfestival,"Prague Chess Festival","Listen to the words of sole leader of Masters category. Smooth ride for Aravindh so far. 👏 Interview taken after his seventh round win over Giri. 

#chess #masters #india",123,"03/06/2025 06:56",https://www.instagram.com/reel/DG3Kh7YMjqS/,"IG reel",,Dlouhodobě,1179,803,31,0,0,0,2
17874008085204498,17841409576254354,praguechessfestival,"Prague Chess Festival","✨Start of the penultimate round vibes. 🤩

#chess #reel #prague #festival",54,"03/06/2025 06:41",https://www.instagram.com/reel/DG3I6vGsp5W/,"IG reel",,Dlouhodobě,930,744,30,0,0,0,2
18266926435257365,17841409576254354,praguechessfestival,"Prague Chess Festival","Blitz chess. 💥 Blink and you miss it. 🔥

📸 by @zewlakk_foto 

#chess #blitz #fast #and #furious",0,"03/06/2025 05:48",https://www.instagram.com/p/DG3DITWMATd/,"IG carousel",,Dlouhodobě,2344,1102,72,0,1,0,3
17965623224737259,17841409576254354,praguechessfestival,"Prague Chess Festival","♟️Highlights from round 7, at your service. 🎬

#chess #daily #video #prague #festival",91,"03/06/2025 03:25",https://www.instagram.com/reel/DG2yQF6syhQ/,"IG reel",,Dlouhodobě,753,513,12,1,0,0,0
18048001202198968,17841409576254354,praguechessfestival,"Prague Chess Festival","Time really flies, huh. 🤯 Here are pairings for round 8! ♟️🔥

#chess #chessgame #prague #festival",0,"03/06/2025 01:35",https://www.instagram.com/p/DG2mMoHqnTM/,"IG carousel",,Dlouhodobě,1704,867,26,2,0,0,2
18069455992878416,17841409576254354,praguechessfestival,"Prague Chess Festival","Round 7 is behind us, but it will live forever in these pictures. 📸 ✨

#chess #picf2025 #photography #photooftheday",0,"03/05/2025 23:45",https://www.instagram.com/p/DG2ZiyyKFKV/,"IG carousel",,Dlouhodobě,1299,672,61,1,0,0,1
18496008532007823,17841409576254354,praguechessfestival,"Prague Chess Festival","♟️ We have a sole leader in Masters category! Aravindh defeats Giri and has now 5 points from 7 games. 👏

#chess #leader #chessmaster",0,"03/05/2025 11:48",https://www.instagram.com/p/DG1HkbLsQwL/,"IG carousel",,Dlouhodobě,2142,1059,47,5,0,0,2
18056740360891757,17841409576254354,praguechessfestival,"Prague Chess Festival","PICF25 is not only about chess, there was also @mathesso tournament today. Check out the pictures from @zewlakk_foto 📸✨

#game #math #fun #competition",0,"03/05/2025 08:00",https://www.instagram.com/p/DG0tdh8KLcN/,"IG carousel",,Dlouhodobě,1395,733,35,1,0,0,1
18047356898349912,17841409576254354,praguechessfestival,"Prague Chess Festival","“I feel good. I play well.” And that’s why is @jonasbbjerre one of the leaders in Challengers category after six rounds! ♟️🔥

#picf2025 #chess #chessgame #chessmaster #ifeelgood",63,"03/05/2025 06:58",https://www.instagram.com/reel/DG0mDMKKbH0/,"IG reel",,Dlouhodobě,763,550,9,0,1,0,0
18165648982329839,17841409576254354,praguechessfestival,"Prague Chess Festival","Difference between 2 PM and 3 PM. ⏰♟️💥 Come see us live to @hotelgiovanni 🤩

#chess #chessgame #chessplayer #prague #festival",21,"03/05/2025 06:31",https://www.instagram.com/reel/DG0iyvwKZgi/,"IG reel",,Dlouhodobě,1869,1049,66,1,2,0,2
17926381526924476,17841409576254354,praguechessfestival,"Prague Chess Festival","Listen to the words of current co-leader in Futures category! ♟️ Sara Maria Sunea defeated Greta Viti in round 6. 💥

#chess #picf2025 #futurestars",63,"03/05/2025 02:58",https://www.instagram.com/reel/DG0KMhoMm4X/,"IG reel",,Dlouhodobě,742,539,19,1,0,0,1
17886319866229674,17841409576254354,praguechessfestival,"Prague Chess Festival","Day 7 - let's go! 🔥♟️

#chess #chessgame #chessboard #prague 

@chessbaseindia @wwwchesscom",0,"03/05/2025 01:55",https://www.instagram.com/p/DG0DqmyMSzt/,"IG carousel",,Dlouhodobě,1219,591,21,0,0,1,1
17856391086388041,17841409576254354,praguechessfestival,"Prague Chess Festival","Enjoy the best moments from day six! 🤩 Who's your favourite player so far? Tell us in the comments! 🗣️

#chess #chessgame #prague #festival",96,"03/05/2025 00:42",https://www.instagram.com/reel/DGz518wM2Zp/,"IG reel",,Dlouhodobě,673,521,17,0,0,3,1
18218332279288434,17841409576254354,praguechessfestival,"Prague Chess Festival","Only draws in Masters category. 🤝 But three wins for Finek, @jonasbbjerre and Ma in Challengers! 🔥 What was the best game of day six? You can vote on our website! 🗳️

#chess #chessgame #results #masters #challengers",0,"03/04/2025 11:38",https://www.instagram.com/p/DGyhixbM6FO/,"IG carousel",,Dlouhodobě,1744,829,45,3,0,0,0
18259377871302441,17841409576254354,praguechessfestival,"Prague Chess Festival","Day 6 is not over yet, but here are some pics already! 💥 Enjoy❗

📸 by @zewlakk_foto 

#chess #chessgame #chessboard #chesspiece #prague #festival #picf2025 #picf #chessmaster",0,"03/04/2025 10:05",https://www.instagram.com/p/DGyW9c2s4F3/,"IG carousel",,Dlouhodobě,2831,1140,61,1,0,0,3
18061658767806332,17841403793118748,chessbaseindia,"ChessBase India","Aravindh Chithambaram makes a solid draw in the 6th round of Prague Chess Festival Masters 2025! Today, Aravindh drew his game against Liem Quang Le with the White pieces. Aravindh continues to lead with 4/6 points!

In the 7th round tomorrow, Aravindh will be playing with the Black pieces against Anish Giri. #Praguechess",0,"03/04/2025 09:15",https://www.instagram.com/p/DGyRNFnTj_c/,"IG image",,Dlouhodobě,59257,40086,1537,5,,2,0
17898211674056964,17841409576254354,praguechessfestival,"Prague Chess Festival","♟️Welcome to PICF25 - day 6. 💥

#chess #chessgame #chessboard #prague #festival #picf2025",15,"03/04/2025 07:29",https://www.instagram.com/reel/DGyEpmAsXWy/,"IG reel",,Dlouhodobě,1003,667,29,2,0,0,1
18044775920365630,17841409576254354,praguechessfestival,"Prague Chess Festival","💯 Dance through mother Prague and the world's chessboard. Players enjoyed a free day at the festival walking, debating and of course, playing chess again. Take a look! 🤗

🇨🇿 💯 Tanec matičkou Prahou i šachovnicí světa. Hráči si na festivalu užili volný den procházkami, debatou a samozřejmě opět i svou oblíbenou královskou hrou. Podívejte se na sestřih! 🤗
.
#chess #PICF #PICF2025 #PragueMasters #restday #šachy #Praguechess",88,"03/04/2025 05:54",https://www.instagram.com/reel/DGx6MXzs94n/,"IG reel",,Dlouhodobě,880,632,19,1,0,0,0
18035860601544431,17841409576254354,praguechessfestival,"Prague Chess Festival","Many celebrities have come to visit our festival. This year's edition is no exception. Enjoy the words from award-winning director&writer Matej Minac. His next project will be documentary about chess superstar @garry_kasparov ♟️🎥

#chess #movie #kasparov",41,"03/04/2025 04:09",https://www.instagram.com/reel/DGxt3yxsksO/,"IG reel",,Dlouhodobě,922,668,8,1,2,0,0
17898209583119427,17841409576254354,praguechessfestival,"Prague Chess Festival","♟️ From rest day 👉 to chess day! 😎 We are once again looking forward to thrilling battles on the chessboard!

♟️Po dni odpočinku nás opět čeká řada napínavých bitev na šachovnici! 🏁

#chess #prague #festival #picf2025",0,"03/04/2025 01:42",https://www.instagram.com/p/DGxdZ0ksSMY/,"IG carousel",,Dlouhodobě,2723,904,37,1,0,0,0
18058686842051980,17841409576254354,praguechessfestival,"Prague Chess Festival","🫡 Sometimes you just have to try. It could work. @nodirbekyakubboev spoke about crazy game against Jáchym Němec with the best outcome for his position in #Challengers. 🔝

🇨🇿 🫡 Někdy to prostě musíte zkusit. Mohlo by to vyjít. Nodirbek Yakubboev s námi mluvil o bláznivé partii proti Jáchymu Němcovi, která pro něj v turnaji Challengers dopadla nejlépe, jak mohla. 🔝
.
#chess #picf #picf2025 #PragueMasters #šachy #nodirbekyakubboev",91,"03/03/2025 12:16",https://www.instagram.com/reel/DGwBDSkoILs/,"IG reel",,Dlouhodobě,837,609,18,0,1,0,1
17862483099280912,17841403793118748,chessbaseindia,"ChessBase India","GM Raja Rithvik R is playing some splendid Chess at the Prague Chess Festival Karel Janeček Open! Rithvik is unbeaten so far, and took down IM Jan Vykouk with the Black pieces in the 5th round today. 

With 4 wins and 1 draw, Rithvik is now jointly leading the tournament with 4.5/5 points! #PragueChessFestival

Photo: Shahid Ahmed/ChessBase India",0,"03/03/2025 11:45",https://www.instagram.com/p/DGv9kTKTawG/,"IG image",,Dlouhodobě,83574,57496,1751,11,,3,0
18078574186583513,17841409576254354,praguechessfestival,"Prague Chess Festival","A debate on the topic #GeopoliticalChess is currently taking place. What’s the position of your country on the world’s board? Let’s discuss in the comments! 🫵 📝
.
#PICF #PICF2025 #chess #debate @gm.janmarkos @therealsedlacek @karel252 @cestmirstrakaty @fabulacejanaspacka",0,"03/03/2025 11:26",https://www.instagram.com/p/DGv7dmuo5QR/,"IG carousel",,Dlouhodobě,1266,564,28,0,0,0,0
18024080159411005,17841409576254354,praguechessfestival,"Prague Chess Festival","🧮 Spent a lot of time calculating and the math brought him second win in the row. The Prague comeback continues for #WeiYi! ♟

🇨🇿 🧮 Strávil spoustu času počítáním a to mu nakonec přineslo druhou výhru v řadě. Wei Yi pokračuje ve svém pražském comebacku! ♟
.
#chess #PICF #PICF2025 #PragueMasters #Praguechess",69,"03/03/2025 09:34",https://www.instagram.com/reel/DGvugSfMzph/,"IG reel",,Dlouhodobě,729,533,14,0,1,0,0
18041434589378381,17841409576254354,praguechessfestival,"Prague Chess Festival","🫶 A valuable experience for our #Futures girls! Our ambassador @reizniecedana shared more than a few valuable lessons for future grandmasters. Thank you so much for your support and for everything you do for women's chess! 👱‍♀️🤝👩

🇨🇿 🫶 Cenná zkušenost pro naše Futures dívky. Naše ambasadorka #DanaReizniece přidala nejednu cennou lekci pro budoucí velmistryně. Moc děkujeme za podporu i za to, co děláte pro ženský šach!👱‍♀️🤝👩
.
📷 Petr Vrabec (@zewlakk_foto) #chess #womenchess #womeninchess #fidewomen #PICF #PICF2025 @fidewomen @womeninchessfoundation",0,"03/03/2025 05:02",https://www.instagram.com/p/DGvPbTUsSJo/,"IG carousel",,Dlouhodobě,2660,1211,84,0,0,0,2
18026214146372468,17841409576254354,praguechessfestival,"Prague Chess Festival","👉 It's a rest day in the main event, but yesterday is well worth the visit. Check out our highlights! 😎♟

👉 Hlavní turnaj má dnes volný den, ale včerejšek rozhodně stál za to! Podívejte se na naše nejzajímavější momenty! 😎♟
.
#chess #chessboard #PICF #PICF2025 #PragueMasters",79,"03/03/2025 04:12",https://www.instagram.com/reel/DGvJtXXCOYl/,"IG reel",,Dlouhodobě,941,679,25,1,1,0,1
18020924753671434,17841409576254354,praguechessfestival,"Prague Chess Festival","📽 Marek Adamczyk si poprvé zahrál na turnaji a nebylo to vůbec špatné! 🔥 Po velmi nadějném výkonu nakonec prohrál na čas s Kadonasem Kestutisem z Litvy. To mu ale na nadšení pro šachy rozhodně neubralo, spíše naopak! 🤩

The Czech actor Marek Adamczyk played in a tournament for the first time, and it was not bad at all! After a very promising performance, he lost on time to Kadonas Kestutis from Lithuania. However, this did not diminish his enthusiasm for chess!",145,"03/03/2025 03:17",https://www.instagram.com/reel/DGvDVZ1qK7E/,"IG reel",,Dlouhodobě,815,627,14,2,0,0,1
18360585151120954,17841409576254354,praguechessfestival,"Prague Chess Festival","Herec @marekadamczyk_cz dorazil na Pražský šachový festival, kde ho čekala velká životní premiéra! 🤩 Vůbec poprvé v životě si zahrál partii na oficiálním šachovém tunaji, a to v rámci @karel252 Open. A jak to dopadlo? 👀 To vám už brzy prozradíme. 💪

The popular Czech actor #MarekAdamczyk arrived at the Prague Chess Festival and played his first-ever official tournament game. He took part in the Karel Janeček Open. How did it go? 👀 Stay tuned to find out soon! 💪
.
#picf #picf2025 #open #chessopen #praguemasters @novyborchess @sachovysvaz @czechinnhotels @hotelgiovanni",90,"03/03/2025 01:57",https://www.instagram.com/reel/DGu58-DoC_p/,"IG reel",,Dlouhodobě,20423,15608,527,3,1,2,15
18073215514767431,17841411816689917,chesscomindia,"Chesscom India","🇮🇳 GMs Praggnanandhaa and Aravindh played out a solid draw and continued to lead the Prague Masters event with 3.5/5!

PS: Check their accuracy score! 

📸 @praguechessfestival #chess #praggnanandhaa #aravindhchithambaram",0,"03/02/2025 20:33",https://www.instagram.com/p/DGuVRR6tKgo/,"IG image",,Dlouhodobě,144954,105442,11951,563,,45,0
18269417503250154,17841409576254354,praguechessfestival,"Prague Chess Festival","🎟 Už máte lístky na debatu Geopolitické šachy? Začínáme zítra v 19:00. Takovou sestavu nemůžete zmeškat! Těšíme se v Kině 64! Odkazy na vstupenky najdete v biu! 🤩 https://bit.ly/geopoliticke-sachy

🎟 Do you have your tickets for the Geopolitical Chess debate yet? We start tomorrow at 19:00. You can't miss this lineup! See you at Kino 64! Link for the tickets (debate is only in 🇨🇿 language) is in the bio!🤩 https://bit.ly/geopoliticke-sachy
.
#chess #PICF #debata @therealsedlacek @karel252 @gm.janmarkos @cestmirstrakaty",0,"03/02/2025 13:31",https://www.instagram.com/p/DGtk4DNskvs/,"IG image",,Dlouhodobě,1569,1019,5,5,0,0,0
18033303824280513,17841409576254354,praguechessfestival,"Prague Chess Festival","✅ Day 5 complete! Here are the results as we reach the halfway point of our show. Thoughts?🤔

🇨🇿 ✅ Den 5 je kompletní! Zde jsou výsledky přesně v polovině naší šachové cesty. Co na ně říkáte?🤔
.
#chess #PICF #PICF2025 #PragueMasters #Praguechess #šachy",0,"03/02/2025 12:54",https://www.instagram.com/p/DGtgt89N91k/,"IG carousel",,Dlouhodobě,2094,1044,39,5,0,0,2
18077559115669899,17841409576254354,praguechessfestival,"Prague Chess Festival","Indian clash and some powerful performances with the label 5th round. Can't believe we're half way through! 📷 Petr Vrabec (@zewlakk_foto)

🇨🇿 Indický souboj a silné výkony ve znamení 5. kola. Je neuvěřitelné, že už jsme v polovině! 📷 Petr Vrabec (@zewlakk_foto)
.
#PICF #PICF2025 #chess #PragueMasters #chessphoto #šachy #Praguechess",0,"03/02/2025 11:39",https://www.instagram.com/p/DGtYJcMtmL7/,"IG carousel",,Dlouhodobě,3254,1765,167,3,3,1,7
18044504783360150,17841409576254354,praguechessfestival,"Prague Chess Festival","🙏 “We both wanted to play.” What an approach for the big Czech battle. We want nothing more. Thank you Richard Stalmach! 🇨🇿🎙

🙏 „Oba jsme chtěli hrát.“ To je ten přístup k velké české bitvě! Nic víc si nepřejeme. Děkujeme, Richarde Stalmachu! 🇨🇿🎙
.
@richardstalmach #picf #picf2025 #praguemasters #chessgame #praguechess #šachy #challengers #chess",119,"03/02/2025 08:57",https://www.instagram.com/reel/DGtFbFYI0-C/,"IG reel",,Dlouhodobě,1198,751,24,1,0,0,3
18092925967549970,17841409576254354,praguechessfestival,"Prague Chess Festival","Vysíláme živě! Připojte se k partiím i diskuzi! Link najdete nahoře na našem webu!🔝🔴
👉 ČESKÝ PŘENOS: https://www.youtube.com/watch?v=jK7v1uAJB1E 🇨🇿

We are live! Join the games and the discussion! You can find the link on our website!🔝🔴
👉 ANGLICKÝ PŘENOS: https://www.youtube.com/watch?v=YFmf99LVVJY 🇬🇧
.
#chess #PICF #PICF2025 #PragueMasters #chesslive #livechess #chessonline",0,"03/02/2025 07:41",https://www.instagram.com/p/DGs824poG3L/,"IG image",,Dlouhodobě,1097,753,37,1,0,0,4
18060954358815502,17841409576254354,praguechessfestival,"Prague Chess Festival","Round 5, aka the Indian clash—we’re off the marks! ♟️🔥

🇨🇿 Páté kolo a velký indický souboj – jsme na startu! ♟️🔥
.
#chess #picf #picf2025 #sachy #praguemasters #praggnanandha #aravindhchithambaram #praguechess @chessbaseindia",0,"03/02/2025 06:20",https://www.instagram.com/p/DGsznRnoDY_/,"IG image",,Dlouhodobě,1861,1048,97,1,0,0,4
18266391358261683,17841409576254354,praguechessfestival,"Prague Chess Festival","A much needed win and reflection on the first rounds from our top seeded player. The stage is your Wei Yi. 🫵🎙

🇨🇿 Velmi potřebná výhra a ohlédnutí za prvními koly od našeho nejvýše nasazeného hráče. Máte slovo, Wei Yi. 🫵🎙
.
#chess #praguechess #picf #picf2025 #praguemasters #weiyi",96,"03/02/2025 05:45",https://www.instagram.com/reel/DGsvJoCIHFK/,"IG reel",,Dlouhodobě,909,651,17,1,0,0,0
18296312023212427,17841409576254354,praguechessfestival,"Prague Chess Festival","It's the battle of Indian giants today! Who will take an advantage of this clash? Watch our live streams or come to the @hotelgiovanni! 🇮🇳✊

🇨🇿 Dnes nás čeká souboj indických gigantů! Kdo získá do dalších kol výhodu? Sledujte naše živé přenosy nebo přijďte do hotelu Don Giovanni v Praze! 🇮🇳✊
.
#chess #PICF #PICF2025 #PragueMasters #šachy #praggnanandha #aravindhchithambaram  #chessindia #indianchess @chessbaseindia",0,"03/02/2025 04:56",https://www.instagram.com/p/DGsqAh6oZi9/,"IG image",,Dlouhodobě,1468,844,38,1,0,2,1
18492059881048282,17841409576254354,praguechessfestival,"Prague Chess Festival","Round 5 is coming up! ♟ In the Masters tournament, you can look forward to an Indian battle between the two players leading the standings! 💪

🇨🇿 Páté kolo se blíží! V turnaji Masters se můžete těšit na indický souboj dvou lídrů tabulky!
.
#PICF #PICF2025 #chess #šachy #PragueMasters #aravindhchithambaram #praggnanandha",0,"03/02/2025 03:19",https://www.instagram.com/p/DGse7mfIF4V/,"IG carousel",,Dlouhodobě,1524,792,30,1,0,1,0
17994522896787454,17841403793118748,chessbaseindia,"ChessBase India","The Chennai boys clash today! It is an all-Indian matchup in the 5th round of the Prague Chess Masters 2025. The tournament leaders Rameshbabu Praggnanandhaa and Aravindh Chithambaram will face each other from 7:30 PM IST today.

Praggnanandhaa and Aravindh have trained together for a very long time, and are good friends. Both of them have played amazing chess here so far! What do you think will be the result of today's game? Let us know in the comments. #PragueChessFestival",0,"03/02/2025 02:42",https://www.instagram.com/p/DGsaonlT2Jq/,"IG image",,Dlouhodobě,113192,76380,3936,52,,44,0
17898304647151019,17841409576254354,praguechessfestival,"Prague Chess Festival","📽 What happened in Round 4? Here’s a video highlight—enjoy!🔥

🇨🇿 Co všechno se odehrálo ve 4. kole? Tady je video sestřih, užijte si to!🔥

#chess #picf2025 #picf #praguemasters #summary #praguechess",89,"03/02/2025 00:56",https://www.instagram.com/reel/DGsN9mxhT7E/,"IG reel",,Dlouhodobě,1526,870,29,1,1,0,1
18351247168181272,17841409576254354,praguechessfestival,"Prague Chess Festival","Round 4 at PICF: It was a great day full of exciting moments! 🔥

4. kolo na PICF: Byl to skvělý den plný zajímavých momentů! 📸 Petr Vrabec

#chess #picf2025 #picf #praguemasters #sachy #praguechess",0,"03/01/2025 13:24",https://www.instagram.com/p/DGq_V4zsK3M/,"IG carousel",,Dlouhodobě,1814,1098,99,2,1,0,3
18021857318459524,17841409576254354,praguechessfestival,"Prague Chess Festival","Round 4 of PICF is over! ✅ Wei Yi claimed victory against David Navara. Praggnanandhaa R defeated Vincent Keymer. Marc'Andria Maurizzi and Richard Stalmach secured victories in the Challengers Tournament today.

#chess #picf2025 #picf #praguemasters #sachy #praguechess",0,"03/01/2025 11:38",https://www.instagram.com/p/DGqzMXPs-qq/,"IG carousel",,Dlouhodobě,1947,942,38,2,0,0,1
18034568762257192,17841409576254354,praguechessfestival,"Prague Chess Festival","🔥 In Round 4 of the Challengers Tournament, we have a Czech battle: Jáchym Němec vs. Richard Stalmach. 🇨🇿How will it turn out today?

Ve 4. kole turnaje Challengers probíhá český souboj! Jáchym Němec vs. Richard Stalmach. Jak to dopadne?💪

#chess #PICF #PICF2025 #chess #PragueMasters",0,"03/01/2025 08:04",https://www.instagram.com/p/DGqauasMc2W/,"IG image",,Dlouhodobě,1959,972,36,2,0,0,0
18036639296557516,17841409576254354,praguechessfestival,"Prague Chess Festival","🎤INTERVIEW: “At some point, my attack just kind of started flowing.” And it was the second win with black for Jonas Buhl Bjerre! 

🇨🇿 🎤 ROZHOVOR: „V určitém momentu můj útok prostě začal plynule fungovat.“ A byla to už druhá výhra s černými pro Jonase Buhla Bjerreho! @jonasbbjerre #chess #picf #picf2025 #sachy #praguemasters #jonasbjerre",68,"03/01/2025 05:47",https://www.instagram.com/reel/DGqK8Ixod3B/,"IG reel",,Dlouhodobě,819,589,9,1,0,0,0
17944223009951180,17841409576254354,praguechessfestival,"Prague Chess Festival","👉 Today's schedule features Round 4 of PICF 2025! Will Aravindh Chithambaram continue his winning streak? 💪 Watch the live stream from Prague at 3 PM.

👉 Dnes je na programu PICF 2025 4. kolo! Bude Aravindh Chithambaram pokračovat na vítězné vlně? 💪 Od 15:00 sledujte živé přenosy z Prahy.",0,"03/01/2025 03:10",https://www.instagram.com/p/DGp5DG6MZ4e/,"IG carousel",,Dlouhodobě,1046,583,34,1,0,0,1
18057376211086719,17841409576254354,praguechessfestival,"Prague Chess Festival","Children’s Day, duel of @tatasteelchess winners and a lot of fun in the commentary box. The greatest way of honoring the best of chess on the third day! 🎬3️⃣

🇨🇿 Dětský den, souboj vítězů Tata Steel Chess a spousta zábavy v komentátorském studiu. Skvělý způsob, jak oslavit to nejlepší z šachu během třetího dne! 🎬3️⃣
.
#chess #picf2025 #picf #praguemasters #sachy #praguechess",91,"03/01/2025 01:14",https://www.instagram.com/reel/DGprtbBIAws/,"IG reel",,Dlouhodobě,1389,863,17,1,1,0,2
18032328881545340,17841409576254354,praguechessfestival,"Prague Chess Festival","🙏 Remembering Boris Spassky and returning with the greatest of games in his honor. Take a look at Day 3 in pictures. 📷 Photo: Petr Vrabec (@zewlakk_foto)

🇨🇿 🙏 Vzpomínáme na Borise Spasského a vracíme se s těmi nejlepšími partiemi na jeho počest. Podívejte se na třetí den v obrazech. 📷 Foto: Petr Vrabec (@zewlakk_foto)
.
#chess #PICF #PICF2025 #borisspassky #chess #PragueMasters #šachy",0,"03/01/2025 00:00",https://www.instagram.com/p/DGpjUn0tNyW/,"IG carousel",,Dlouhodobě,3515,1772,117,4,1,0,8
17919264408062340,17841411816689917,chesscomindia,"Chesscom India","🇮🇳GM Aravindh Chithambaram defeats 🇨🇳 GM Wei Yi at the Prague Masters, leading the tournament with 2.5/3. 

His live rating is 2740.1, ranking him #16 globally.

📸@praguechessfestival | Petr Vrabec!

#chess #checkmate",0,"02/28/2025 23:19",https://www.instagram.com/p/DGpeoSTzmRH/,"IG image",,Dlouhodobě,20436,13985,1350,5,,0,0
17949720059936355,17841403793118748,chessbaseindia,"ChessBase India","This is exactly what Aravindh Chithambaram had to say after entering the studio right after his fantastic win over Wei Yi in the 3rd round of Prague Chess Masters!

Aravindh is the sole leader of the tournament at the moment, and has climbed up to World no.16 in live ratings. What a run this guy is having! In the 4th round tomorrow, Aravindh will face Sam Shankland with the White pieces. Can he keep up this form till Round 9, and win the 2nd classical super tournament of his career?

Photo: Petr Vrabec 
#chess #chessbaseindia #aravindh #praguechessfestival",0,"02/28/2025 18:00",https://www.instagram.com/p/DGo6I6JhFs2/,"IG image",,Dlouhodobě,169206,119031,9704,180,,42,0
17877644919267000,17841409576254354,praguechessfestival,"Prague Chess Festival","🆙 #AravindhChithambaram with the lead in #Masters, top spot of the #Challengers group is shared between @nodirbekyakubboev and @jonasbbjerre . How's your favorite player doing after three rounds? 👍👎

🇨🇿 🆙 Aravindh Chithambaram vede v turnaji Masters, v čele Challengers se o první místo dělí #nodirbek Yakubboev a #JonasBuhlBjerre. Jak si vede váš oblíbený hráč po třech kolech? 👍👎
.
#PICF #PICF2025 #chess #šachy #PragueMasters #Praguechess @novyborchess @sachovysvaz @czechinnhotels",0,"02/28/2025 15:10",https://www.instagram.com/p/DGomrDvI4jh/,"IG carousel",,Dlouhodobě,2081,1105,51,2,0,2,0
18039483080158208,17841409576254354,praguechessfestival,"Prague Chess Festival","💯 What a day full of exciting results. What is your game of the day? Give us a vote through the @decision_21 method 👉 https://praguechessfestival.com/en/2025/vote

🇨🇿 💯Den plný napínavých výsledků! Která partie byla podle vás nejlepší? Hlasujte metodou @decision_21 na 👉 https://praguechessfestival.com/cs/2025/vote
.
#PICF #PICF2025 #chess #PragueMasters #šachy #decision21",0,"02/28/2025 11:55",https://www.instagram.com/p/DGoQXn5tDvL/,"IG carousel",,Dlouhodobě,2033,1048,50,1,0,0,0
18107298907471121,17841409576254354,praguechessfestival,"Prague Chess Festival","🎤INTERVIEW: One more throwback to Round 2! “King became unsafe, but it should be a draw.” Nothing but respect for @marcandria.maurizziofficial from yesterday’s winner @nodirbekyakubboev.

🇨🇿 🎤 ROZHOVOR: Ještě jeden návrat k 2. kolu! „Král byl v nebezpečí, ale partie měla skončit remízou.“ Nic než fér uznání a respekt pro Marc’Andriu Maurizziho od včerejšího vítěze Nodirbeka Yakubboeva.
.
#chess #picf2025 #picf #praguemasters #yakubboev #maurizzi #sachy",93,"02/28/2025 09:24",https://www.instagram.com/reel/DGn-z08oWzQ/,"IG reel",,Dlouhodobě,3290,2079,93,0,0,6,1
18052320698133071,17841409576254354,praguechessfestival,"Prague Chess Festival","Thank you for the great morning full of chess and other games! Traditional Children's Day brought us so much joy! Take a look at our snapshots! ♟👧👦

🇨🇿 Děkujeme za skvělé dopoledne plné šachu a dalších her! Tradiční Dětský den nám přinesl spoustu radosti! Podívejte se na naše momentky! ♟👧👦
.
📷 Petr Vrabec (@zewlakk_foto) #chess #childrensday #PICF #PICF2025 @mathesso @sachovysvaz #PragueMasters #šachy #mathesso",0,"02/28/2025 08:16",https://www.instagram.com/p/DGn3PkWILf_/,"IG carousel",,Dlouhodobě,1172,607,57,1,0,0,2
18093035131547231,17841409576254354,praguechessfestival,"Prague Chess Festival","Round 3️⃣ has started. Watch the action in the @hotelgiovanni or live🔴! 
.
🇨🇿 3️⃣.kolo bylo zahájeno. Přijďte se podívat do @hotelgiovanni nebo sledujte partie živém přenosu!
.
#PICF #PICF2025 #chess #PragueMasters #praguechess #chesslive",0,"02/28/2025 06:18",https://www.instagram.com/p/DGnp1RaIfSl/,"IG image",,Dlouhodobě,1435,789,37,2,0,0,0
18395142121097302,17841409576254354,praguechessfestival,"Prague Chess Festival","INTERVIEW: “The position felt like it would win in a hundred ways!” And Divya Deshmukh found just the one! Here’s her thoughts after Round 2. 💬💯 #GameOfTheDay

🇨🇿 ROZHOVOR: „Ta pozice vypadala, že bych mohla vyhrát na stovky způsobů!“ A Divya Deshmukh našla právě ten správný! Zde jsou její myšlenky po 2. kole. 💬💯
.
#divyadeshmukh #chess #picf #picf2025 @divyachess",100,"02/28/2025 05:29",https://www.instagram.com/reel/DGnjushIXlO/,"IG reel",,Dlouhodobě,111850,68068,3296,16,11,22,143
18037543187395973,17841409576254354,praguechessfestival,"Prague Chess Festival","👌Third time’s the charm! Who’s going to bring the magic to the boards this time? Let's find out at @hotelgiovanni!

🇨🇿👌Do třetice všeho dobrého! Kdo tentokrát přinese na šachovnice trochu magie? Nechme se překvapit, už od tří hodin v Don Giovanni Hotel Prague!
.
#PICF #PICF2025 #chess #šachy #PragueMasters #Round3",0,"02/28/2025 03:07",https://www.instagram.com/p/DGnT7H8oIUN/,"IG carousel",,Dlouhodobě,1730,890,28,2,0,0,0
18080053189634025,17841409576254354,praguechessfestival,"Prague Chess Festival","📽️The second round of the Prague International Chess Festival brought many exciting moments!🔥The Karel Janeček Open tournament also kicked off. Enjoy the video highlights! 🤗",117,"02/28/2025 02:04",https://www.instagram.com/reel/DGnJuAwhVIy/,"IG reel",,Dlouhodobě,1461,896,26,1,2,0,0
17900343018111646,17841409576254354,praguechessfestival,"Prague Chess Festival","🎥 INTERVIEW with Aravindh Chithambaram about Round 2: “I experimented and it worked out in the end."" 💪 ✅. #chess #game #PICF #PICF2025 #prague #masters #interview",85,"02/27/2025 23:25",https://www.instagram.com/reel/DGm6NqSh-qq/,"IG reel",,Dlouhodobě,1697,926,34,1,0,0,1
18033650771281381,17841409576254354,praguechessfestival,"Prague Chess Festival","Round 2 in photos, enjoy it! 🔥 Tomorrow we start at 3:00 PM, see you! 😍

#chess #game #PICF #PICF2025 #prague",0,"02/27/2025 14:41",https://www.instagram.com/p/DGl-hNCM6fD/,"IG carousel",,Dlouhodobě,1717,1033,73,1,0,0,1
18032773352285257,17841403793118748,chessbaseindia,"ChessBase India","IM Divya Deshmukh bounces back! After a tough loss in the first round, Divya is back to winning ways at the Prague Chess Festival Challengers. In the 2nd round, Divya took down IM Richard Stalmach with the White pieces in convincing fashion!

Divya now has 1/2 points. In the 3rd round tomorrow, she has the Black pieces against Nodirbek Yakubboev.

Photo: Mark Livshitz
#chess #chessbaseindia #divyadeshmukh #praguechessfestival",0,"02/27/2025 14:00",https://www.instagram.com/p/DGl54ElTNts/,"IG image",,Dlouhodobě,116921,83880,6465,49,,11,0
17921432753944999,17841409576254354,praguechessfestival,"Prague Chess Festival","🔥 Here are the results of the Round 2! The only victory in the Masters tournament was claimed by Aravindh Chithambaram, who defeated Vincent Keymer.

#chess #game #PICF #PICF2025 #prague",0,"02/27/2025 11:44",https://www.instagram.com/p/DGlqVQAMDV3/,"IG carousel",,Dlouhodobě,1828,1033,43,3,0,0,3
18072703915702098,17841409576254354,praguechessfestival,"Prague Chess Festival","📣 Today, the @karel252 Tournament kicked off with more than 300 chess players participating. Good luck to everyone! ❤️

📸 Petr Vrabec

#chess #game #PICF #PICF2025 #prague #open #opentournament",0,"02/27/2025 09:31",https://www.instagram.com/p/DGlbGP8sUvz/,"IG carousel",,Dlouhodobě,1567,925,40,1,1,0,2
18061037518811057,17841409576254354,praguechessfestival,"Prague Chess Festival","Thank you, @ozgursolakoglu! ♟️

📸 Petr Vrabec

#chess #game #PICF #PICF2025 #prague",0,"02/27/2025 07:24",https://www.instagram.com/p/DGlMkXesqzA/,"IG image",,Dlouhodobě,2219,1223,126,4,0,2,2
17914024365085269,17841409576254354,praguechessfestival,"Prague Chess Festival","INTERVIEW: @gmsamshankland 
evaluates his victory over Ediz Gürel in the first round of PICF. 📣

#chess #game #PICF #PICF2025 #prague",99,"02/27/2025 06:40",https://www.instagram.com/reel/DGlGicBBZvJ/,"IG reel",,Dlouhodobě,1097,665,25,0,0,0,1
18049297669994514,17841409576254354,praguechessfestival,"Prague Chess Festival","The second round of the PICF 2025 starts at 3:00 PM! 🔥 Come visit us at the @hotelgiovanni or watch our live stream📣!

#chess #game #PICF #PICF2025 #prague",0,"02/27/2025 04:39",https://www.instagram.com/p/DGk5rPFMEhg/,"IG carousel",,Dlouhodobě,994,588,43,1,0,0,2
18063313681941169,17841403793118748,chessbaseindia,"ChessBase India","Grandmasters Vincent Keymer and Sam Shankland take the early lead at the Prague Chess Festival Masters 2025! In the 1st round, Vincent won a nice game with the White pieces against Wei Yi. Shankland took down Ediz Gurel with a nice tactical sequence! 

In the 2nd round, Sam has the Black pieces against Nguyen Thai Dai Van. Vincent is playing with the White pieces against Aravindh Chithambaram!

Check out the standings after Round 1 in the next slide. Who do you think will take the lead after today? Round 2 starts from 7:30 PM IST.

Photos: Shahid Ahmed/ChessBase India
#chess #chessbaseindia #praguechessfestival",0,"02/27/2025 03:39",https://www.instagram.com/p/DGkyxRzTbI6/,"IG carousel",,Dlouhodobě,94525,40336,1993,8,,2,0
18085406845589461,17841409576254354,praguechessfestival,"Prague Chess Festival","♟ First moves, first blunders and a lot of joy! Take a look at the highlights of Round 1 at the @praguechessfestival. 🎬

🇨🇿 ♟ První tahy, první chyby, ale také spousta radosti! Podívejte se na momentky z 1. kola Pražského mezinárodního šachového festivalu. 🎬 
.
#chess #picf #picf2025 #sachy #praguemasters #praguechess @hotelgiovanni @czechinnhotels @novyborchess @sachovysvaz @karel252",105,"02/27/2025 03:01",https://www.instagram.com/reel/DGkuCrjoWZ8/,"IG reel",,Dlouhodobě,1135,810,33,3,0,0,3
18181686910311257,17841409576254354,praguechessfestival,"Prague Chess Festival","And two winners in Challengers category in round 1 are: @jonasbbjerre 🇩🇰 and @gm_ivansalgado 🇪🇸. 

#chess #prague #challengers",0,"02/26/2025 14:43",https://www.instagram.com/p/DGjaBVfqM2D/,"IG carousel",,Dlouhodobě,1409,762,55,1,0,0,1
17921328255044072,17841409576254354,praguechessfestival,"Prague Chess Festival","We have two winners in round 1⃣! @vincentkeymer2004 and @gmsamshankland, take a bow. 🤩💥

#chess #prague #festival #winner",0,"02/26/2025 14:39",https://www.instagram.com/p/DGjZjk6qxki/,"IG carousel",,Dlouhodobě,2379,1372,113,2,1,0,3
18059590001503897,17841409576254354,praguechessfestival,"Prague Chess Festival","The tournament has started ♟️🚀

#chess #tournament #prague",19,"02/26/2025 06:56",https://www.instagram.com/reel/DGiijKNKylo/,"IG reel",,Dlouhodobě,1461,920,53,2,2,0,1
18105161629485683,17841409576254354,praguechessfestival,"Prague Chess Festival","Another night to remember. Here's a few snapshots from the Opening of the 7th 
@praguechessfestival! 🤩 

You can find the rest on: 👉https://eu.zonerama.com/PragueIntarnationalChessFestival/1457454?count=21 (we're attaching the link in the bio as well)
📷 Petr Vrabec
.
#PICF #PICF2025 #PragueMasters #chess @karel252 @czechinnhotels @hotelgiovanni @europeanchessunion @sachovysvaz @novyborchess",0,"02/26/2025 03:44",https://www.instagram.com/p/DGiOgxCo5y0/,"IG carousel",,Dlouhodobě,2203,964,90,1,0,0,4
18035993222228304,17841409576254354,praguechessfestival,"Prague Chess Festival","❗The wait is over. ♟️👌 The games start today, here are the pairings for day 1. 💥

#chess #game #prague",0,"02/26/2025 03:27",https://www.instagram.com/p/DGiMq5IMQJx/,"IG carousel",,Dlouhodobě,2610,1254,67,2,4,0,1
17925047622014240,17841411816689917,chesscomindia,"Chesscom India","🇮🇳 Indian GMs Praggnanandhaa Rameshbabu and Aravindh Chithambaram are part of Prague Masters lineup! 

The games will begin at 7:30 pm IST.

IM Divya Deshmukh is part of the challengers section. 

Who do you think will win the event?",0,"02/26/2025 03:15",https://www.instagram.com/p/DGiLNxoTSp6/,"IG image",,Dlouhodobě,21275,13944,354,3,,11,0
17866706841337407,17841409576254354,praguechessfestival,"Prague Chess Festival","🥂 We kicked things off in style! Check out our highlights from the PICF 2025 Opening Ceremony. The boards are set now, let’s move those pieces at the @hotelgiovanni! ♟🔝

🇨🇿 🥂 Odstartovali jsme ve velkém stylu! Podívejte se na momentky ze zahajovacího ceremoniálu PICF 2025. Šachovnice jsou nyní připravené a figury se nemohou dočkat prvních tahů. Těšíme se v pražském hotelu Don Giovanni! ♟🔝
.
#PICF #PICF2025 #praguechess #praguemasters #chess #sachy @novyborchess @czechinnhotels @karel252 @sachovysvaz @europeanchessunion",120,"02/26/2025 01:30",https://www.instagram.com/reel/DGh-T30oqm2/,"IG reel",,Dlouhodobě,3118,1837,81,6,3,1,5
18025607600644302,17841403793118748,chessbaseindia,"ChessBase India","Prague International Chess Festival 2025 Masters, Challengers and Futures participants at the Draw of Lots

The Masters are standing according to their drawn pairs of the Futures group.

📷Shahid Ahmed

#Chess #ChessBaseIndia #PragueChessFestival #DrawofLots #Masters #Challengers #Futures #Prague #Czechia #India",0,"02/25/2025 15:27",https://www.instagram.com/p/DGg6MKsIuSv/,"IG carousel",,Dlouhodobě,89618,38094,2866,9,,2,0
18106933756485955,17841409576254354,praguechessfestival,"Prague Chess Festival","Who will be the next champion? 🤩
.
#PICF #PICF2025 #chess #PragueMasters #sachy",29,"02/25/2025 12:21",https://www.instagram.com/reel/DGgjbo9o-4h/,"IG reel",,Dlouhodobě,1801,920,25,0,2,0,0
17868069723323982,17841409576254354,praguechessfestival,"Prague Chess Festival","🔥 We present you players of the Masters, Challengers and Futures tournaments! Prague International Chess Festival 2025 is on the way!

🔥 Představujeme vám hráče turnajů Masters, Challengers a Futures! Pražský šachový festival 2025 byl slavnostně zahájen!",0,"02/25/2025 11:39",https://www.instagram.com/p/DGggGhcsXyI/,"IG carousel",,Dlouhodobě,1838,912,95,1,1,0,3
17925981855013425,17841409576254354,praguechessfestival,"Prague Chess Festival","The numbers has been drawn! The 7th @praguechessfestival started! ♟️",1696,"02/25/2025 11:19",https://www.instagram.com/reel/DGgd2UPM0bQ/,"IG reel",,Dlouhodobě,1474,654,43,0,1,0,1
18061316518987467,17841409576254354,praguechessfestival,"Prague Chess Festival","#PICF2025 here we go! ♟️💥",29,"02/25/2025 10:12",https://www.instagram.com/reel/DGgWEEFIaDU/,"IG reel",,Dlouhodobě,1506,782,34,2,0,0,1
18060435496815827,17841409576254354,praguechessfestival,"Prague Chess Festival","📈 Let's talk numbers, shall we? This is our complete #Masters and #Challengers rosters. Not bad, right? Who is your favorite? 🫶

🇨🇿 📈 Naši hráči řečí čísel! Představujeme kompletní sestavu Masters a Challengers s ELO hodnocením. To není špatné, že? Kdo je vaším favoritem?🫶
.
#chess #šachy #PICF #PICF2025 @novyborchess #PragueMasters #PragueChess @hotelgiovanni",0,"02/25/2025 08:38",https://www.instagram.com/p/DGgLd9BoJBD/,"IG carousel",,Dlouhodobě,16834,13220,117,6,11,6,1
18038287370426090,17841409576254354,praguechessfestival,"Prague Chess Festival","🇨🇿 České okénko s naším milým ambasadorem turnaje @marekadamczyk_cz. Jaký je jeho největší zážitek z Prague International Chess Festivalu a už mu @gmsamshankland odpustil? 💬

🇬🇧 Czech intermezzo before the big ceremony. Quick rapid fire question for our dear ambassador #MarekAdamczyk. What is his biggest experience from the Prague International Chess Festival and has #SamShankland already forgiven him? 💬
.
#PICF #PICF2025 #chess #šachy #handandbrain",55,"02/25/2025 05:44",https://www.instagram.com/reel/DGf3X47KjqA/,"IG reel",,Dlouhodobě,933,665,24,0,0,0,2
18317006656203930,17841409576254354,praguechessfestival,"Prague Chess Festival","♟️ Good morning! Today is the perfect day for a start of a chess tournament! 🔥 What are you looking forward to the most? Let us know in the comments! We can’t wait to see you, fans of the royal game! 👑 See you at @hotelgiovanni !

🇨🇿 ♟️ Krásné dopoledne! Dnešek je jako stvořený pro start šachového turnaje! 🔥 Na co se nejvíc těšíte? Dejte nám vědět v komentářích! My se rozhodně těšíme na vás, fanoušky královské hry! 👑 Uvidíme se v @hotelgiovanni!
.
#PICF #PICF2025 #PragueMasters #Praguechess @czechinnhotels @novyborchess @europeanchessunion @karel252 @sachovysvaz #chess #šachy",0,"02/25/2025 01:47",https://www.instagram.com/p/DGfcX6toSBc/,"IG image",,Dlouhodobě,1511,858,63,3,2,0,1
18388524457129053,17841403793118748,chessbaseindia,"ChessBase India","The seventh edition of @PragueChessFestival 2025 starts today at Don Giovanni Hotel Prague in Prague, Czechia

Praggnanandhaa R and Aravindh Chithambaram will battle in the Masters section, while Divya Deshmukh will be seen in action in the Challengers event.

Draw of Lots starts today at 7 p.m. local time, 11:30 p.m. IST. IM Sagar Shah, Shahid Ahmed and GM Harshit Raja are present at the venue. They will bring all action from there.

📷Shahid Ahmed 

#Chess #ChessBaseIndia #PragueChessFestival #Day0 #Prague #Czechia #India",0,"02/25/2025 01:03",https://www.instagram.com/p/DGfXTp7MQi4/,"IG carousel",,Dlouhodobě,56114,23460,1074,1,,1,0
18020775365661868,17841409576254354,praguechessfestival,"Prague Chess Festival","From glory on @djerbachessfestival to @praguechessfestival bright future! Welcome to Prague, champion, and best of luck! 🏆

🇨🇿 Po úspěchu na @djerbachessfestival rovnou na @praguechessfestival k zářivým zítřkům! Vítáme tě v Praze, šampione, hodně zdaru!🏆",0,"02/24/2025 12:24",https://www.instagram.com/p/DGeAgRboZqS/,"IG image",,Dlouhodobě,1979,840,44,1,0,0,2
17965734713848494,17841409576254354,praguechessfestival,"Prague Chess Festival","💪 ""The lineup is so strong that it’s hard to choose just one, but I’m definitely looking forward to playing @anishgiri94."" Our @tatasteelchess hero @thaidaivan_nguyen is eagerly anticipating his favorite home event. Read the whole interview on our web!♟👆 

💪 ""Startovní listina je tak nabitá, že je těžké vybrat jen jednoho hráče. Určitě se ale těším na Giriho."" Náš hrdina z #TataSteelChess #ThaiDaiVanNguyen se těší na svůj oblíbený domácí turnaj. Celý rozhovor najdete na našem webu! ♟👆
.
#chess #PICF #PICF2025 #anishgiri #PragueMasters #tatasteel #šachy",0,"02/24/2025 00:01",https://www.instagram.com/p/DGcrazFtPF4/,"IG image",,Dlouhodobě,1288,810,56,0,3,0,0
18052432241178018,17841409576254354,praguechessfestival,"Prague Chess Festival","🫡""It’s crucial for me to keep improving and to provide more than ten days of unforgettable experiences. "" Our director @boleslavpetr addresses the upcoming 7th edition of Prague International Chess Festival. Find the article on our website. Link is also in the bio!👉 https://bit.ly/petr-boleslav-picf2025

🇨🇿 🫡""Pokračovat, věci zlepšovat a opět připravit více než deset dní zážitků je pro mě velmi důležité."" Náš ředitel @boleslavpetr sdílí myšlenky před nadcházejícím 7. ročníkem Prague International Chess Festivalu. Rozhovor si přečtete na našem webu. Link najdete také v biu!👉 https://bit.ly/petr-boleslav-picf2025-cz
.
#PICF #PICF2025 #chess #PragueMasters #petrboleslav #šachy #chessboard",0,"02/23/2025 10:47",https://www.instagram.com/p/DGbQjGDtB73/,"IG image",,Dlouhodobě,937,631,31,1,0,0,0
18057879226864021,17841409576254354,praguechessfestival,"Prague Chess Festival","👕 Are you dressed up for the action? We don't have any jeans, but some t-shirts and jigsaw puzzles would do it, right? 🧩 On the 1st floor of @hotelgiovanni you'll find our merch along with chess books and lots of great other stuff! Check it out while you with us at the festival! Nothing will suit you better! 👌

🇨🇿 👕 Jste připraveni na akci? Džíny sice nemáme, ale trička a skládačky by to mohly zachránit, ne? 🧩 V 1. patře hotelu Don Giovanni najdete náš merch, šachové knihy a spoustu dalšího skvělého zboží! Stavte se za námi podívat. Nic vám nebude sedět líp! 👌
.
#merch #chess #PICF #PICF2025 #PragueMasters @novyborchess @czechinnhotels @karel252 @europeanchessunion @sachovysvaz",0,"02/23/2025 05:52",https://www.instagram.com/p/DGauz3wIS_1/,"IG carousel",,Dlouhodobě,770,387,11,0,0,0,0
17844875859411735,17841409576254354,praguechessfestival,"Prague Chess Festival","🎭 Zatančíme si? Podívejte se na zkoušku speciálního představení (Sou)Hra, které bylo připraveno pro den volna v rámci našeho festivalu. Tanec bude následovat po debatě Geopolitické šachy: Jakou figurkou je Česko na šachovnici světa?, a jeho režie a choreografie se ujala @alena.peskova.16. Hudbu složila @gabrielavermelho a samotné vystoupení předvede soubor Ultra-minimal-ballet. Zajistěte si vstupenky na debatu i představení zde 👉 https://bit.ly/geopoliticke-sachy. Link najdete i v našem biu!

🇬🇧🎭 Shall we dance? Take a look at the rehearsal of the special performance (Sou)Hra prepared for the day off within our festival. Dance will follow the debate Geopolitické šachy: Jakou figurkou je Česko na šachovnici světa? and it's directed and choreographed by #AlenaPešková. Music is composed by #GabrielaVermelho and the act itself will be performed by Ultra-minimal-ballet ensemble. Get your tickets for the debate and performance here 👉 https://bit.ly/geopoliticke-sachy. Link can be found in our bio as well!
.
📷 Petr Vrabec @zewlakk_foto 
#chess #dance #kinouhradeb64 #performance #šachy #PICF #PICF2025 #PragueMasters",0,"02/22/2025 22:44",https://www.instagram.com/p/DGZ9z9UtWDI/,"IG carousel",,Dlouhodobě,1969,1058,48,1,0,0,1
18059606023984040,17841409576254354,praguechessfestival,"Prague Chess Festival","A jak jste královskou hru objevili vy? Přijďte poznat tu pravou šachovou atmosféru od 25. února na #PragueInternationalChessFestival! 🎙♟

🇬🇧 And how did you discover the royal game? Come and experience the true chess atmosphere from February 25 at the Prague International Chess Festival! 🎙♟
.
@marekadamczyk_cz #chess #PICF #PICF2025 #chessboard @novyborchess  @czechinnhotels  @karel252  @sachovysvaz 
🎥 @anetbern",66,"02/20/2025 22:18",https://www.instagram.com/reel/DGUxKz7pPI8/,"IG reel",,Dlouhodobě,18191,14950,386,8,9,1,11
18270861298302015,17841409576254354,praguechessfestival,"Prague Chess Festival","♟⛪️ The whole capital knows. The chess is coming back and we celebrate it all over the place. Join us from 25th of February at @hotelgiovanni ! 🤝

🇨🇿 ♟⛪️ Celé hlavní město to ví. Šachy se vracejí a my je oslavujeme na každém rohu. Přidejte se k nám od 25. února v pražském hotelu Don Giovanni! 🤝
.
#chess #PICF #PICF2025 #chessboard @novyborchess @czechinnhotels @europeanchessunion @karel252 @sachovysvaz",0,"02/19/2025 06:54",https://www.instagram.com/p/DGQisfroa8C/,"IG image",,Dlouhodobě,2003,1168,79,4,0,1,1
18058295413997282,17841409576254354,praguechessfestival,"Prague Chess Festival","✅ You wished for him, and now it’s a reality! @anishgiri94 is the final addition to this year's Masters! The Netherlands’ No. 1 and the @tatasteelchess champion from two years ago is the cherry on top for the 2025 event. Don’t miss him and the rest of the brilliant lineup starting February 25th! ♟🔜

✅ Přáli jste si ho, a teď se to stalo skutečností! Anish Giri je posledním potvrzeným hráčem letošních Masters! Nizozemská šachová jednička a vítěz Tata Steel Chess je pomyslnou třešničkou na dortu a skvělou pozvánkou na sedmý ročník turnaje. Sledujte jeho i zbytek naší skvělé sestavy od 25. února! ♟🔜
.
#chess #chessgame #šachy #PragueMasters #PICF #PICF2025 #Masters #AnishGiri #anishgirichess @novyborchess @sachovysvaz @hotelgiovanni @czechinnhotels.",0,"02/16/2025 09:57",https://www.instagram.com/p/DGJJQKRRxYC/,"IG image",,Dlouhodobě,53357,31958,1269,4,20,11,11
18060294430804812,17841409576254354,praguechessfestival,"Prague Chess Festival","#Challengers are complete! #MaQun has received a spot on the roster and his rating 2630 qualifies him for being a top candidate to victory. Will he overcome competition? 💪
.
#chess #PICF #PICF2025 #sachy #chinachess #PragueMasters",0,"02/16/2025 06:46",https://www.instagram.com/p/DGIze-QI5nT/,"IG image",,Dlouhodobě,1088,719,23,0,0,0,0
17907726146998334,17841409576254354,praguechessfestival,"Prague Chess Festival","♟👑 Šachy, jaké jste ještě neviděli! Přijďte zažít Prague International Chess Festival – vrcholnou šachovou událost v Praze. Začínáme 25. února v @hotelgiovanni. Buďte u toho! 🔜

🇬🇧 ♟👑 Chess like you’ve never seen before! Experience the #PragueInternationalChessFestival – a top-tier event in the capital. We kick off on February 25th at Don Giovanni Hotel Prague. Don’t miss it! 🔜
.
@sachovysvaz @czechinnhotels @karel252 @novyborchess @stachesstics @decision_21 @europeanchessunion #kcero #chess #marekadamczyk #cestmirstrakaty #PICF #PICF2025 #sachy
🎥 @anetbern",30,"02/15/2025 12:39",https://www.instagram.com/reel/DGG2x5JILJs/,"IG reel",,Dlouhodobě,7984,5409,201,9,8,1,17
17874813282184805,17841409576254354,praguechessfestival,"Prague Chess Festival","Challenging enough? Threat from @gm_ivansalgado is on the horizon. 💥♟️
.
#PICF #PragueMasters #chess #ivansalgado #PICF2025",0,"02/15/2025 05:49",https://www.instagram.com/p/DGGIHpioOMF/,"IG carousel",,Dlouhodobě,2369,1041,72,0,2,2,0
18044839796056765,17841409576254354,praguechessfestival,"Prague Chess Festival","♟🌏 Geopolitické šachy
Přijměte naše pozvání na unikátní debatu v rámci @praguechessfestival. 

💬 Diskutovat budou: @therealsedlacek se synem Kryštofem, @karel252 , #IvanRynda a @gm.janmarkos .
🎤 Moderuje: @cestmirstrakaty .
🚪 Hostí: Kino @64uhradeb 
🎫 Vstupenky zakoupíte v síti GoOut. Link najdete v biu, QR přímo na plakátu.

Po debatě bude následovat taneční performance (Sou)Hra
🎬Režie a choreografie: @alena.peskova.16
🎹Hudba: @gabrielavermelho
💃Taneční soubor Ultra-minimal-ballet

Těšíme se na vás!🤝

🇬🇧 ♟🌏 Geopolitical Chess (Czech only)
Join us for a unique debate as part of the Prague International Chess Festival 2025.

💬 Discussion panel: Tomáš Sedláček and his son Kryštof, Karel Janeček, Ivan Rynda, and Ján Markoš
🎤 Moderator: Čestmír Strakatý
🚪 Venue: Cinema 64 U Hradeb
🎫 Tickets in GoOut, link in bio.

After the debate, a dance performance (Sou)Hra will follow.
🎬 Direction and choreography: @alena.peskova.16 
🎹 Music: @gabrielavermelho 
💃 Dance ensemble: Ultra-minimal-ballet

We look forward to seeing you there! 🤝

.
#chess #chessgame #tomassedlacek #kareljanecek #janmarkos #cestmirstrakaty #šachy #debata #ballet #alenapeskova #gabrielavermelho",0,"02/13/2025 09:37",https://www.instagram.com/p/DGBYq4zom2w/,"IG image",,Dlouhodobě,1616,873,19,1,0,0,0
18031585964282034,17841409576254354,praguechessfestival,"Prague Chess Festival","🤝♟Nejlepší světové šachy znovu v Praze!

Herec a šachista @marekadamczyk_cz vás srdečně zve na 7. ročník Pražského šachového festivalu! Čeká vás prvotřídní sportovní zážitek, ať už jste šachoví nadšenci nebo jste Queen's Gambit viděli jen v televizi. Turnaj mezinárodních hvězd královské hry nabídne i bohatý doprovodný program. Těšíme se už 25. února v krásných prostorách hotelu @hotelgiovanni v Praze! 🔜

🇬🇧 The best chess in the world is back in Prague! ♟🤝

Actor and chess player Marek Adamczyk cordially invites you to the #PragueInternationalChessFestival! Whether you're a passionate chess enthusiast or have only seen Queen's Gambit on TV, this event promises a first-class experience.
The tournament will feature international stars of the royal game and offer a rich accompanying program. We look forward to seeing you on February 25th at the beautiful Don Giovanni Hotel in Prague! 🔜
.
@sachovysvaz @czechinnhotels @karel252 @novyborchess @stachesstics @decision_21 @europeanchessunion #kcero #chess #marekadamczyk #cestmirstrakaty #PICF #PICF2025 #sachy
🎥 @anetbern",87,"02/10/2025 11:53",https://www.instagram.com/reel/DF55uIMJciM/,"IG reel",,Dlouhodobě,33899,23695,1045,14,15,8,34
18090433789550479,17841409576254354,praguechessfestival,"Prague Chess Festival","🎬 We had a fantastic time shooting the official promo for the 7th @praguechessfestival! The face of our little adventure is actor and chess enthusiast @marekadamczyk_cz! Here’s a behind-the-scenes look from the always glorious halls of the @hotelgiovanni. Stay tuned! 🎥

🇨🇿 🎬 Natáčení oficiálního promo videa k 7. ročníku Prague International Chess Festivalu jsme si náramně užili! Tváří našeho malého dobrodružství se stal herec a šachový nadšenec Marek Adamczyk! Zde je malý pohled do zákulisí. Kamera byla v akci v našich oblíbených prostorách honosných sálů pražského hotelu Don Giovanni. Dál nás sledujte a těšte se na výsledek! 🎥
.
📷 @anetbern & PICF team
 #PICF #PICF2025 #chess #chessgame #chessboard #chesspromo #PragueMasters #marekadamczyk",0,"02/08/2025 07:27",https://www.instagram.com/p/DF0Ry6BoLFh/,"IG carousel",,Dlouhodobě,35262,18661,1236,5,8,5,7
17875573029247099,17841409576254354,praguechessfestival,"Prague Chess Festival","🫵 Riddle me this. Youngest GM of France with second spot in the Challengers tournament of the prestigious @tatasteelchess and Greek champ who triumphed in last year’s @karel252 Open Tournament. Welcome on board @marc_andria_maurizzi and #StamatisKourkoulosArditis! 🇫🇷 🇬🇷
.
#Challengers #PragueMasters #PICF #PICF2025 #chess #chessgame #Prague",0,"01/12/2025 12:03",https://www.instagram.com/p/DEvP6pRNupU/,"IG carousel",,Dlouhodobě,1317,764,35,2,0,0,2
18065637931859229,17841409576254354,praguechessfestival,"Prague Chess Festival","1️⃣ month to go! Can you feel the chess vibes in the air? In Prague, this is the number one topic and the excitement is rising. The clock will start on 25th of February. See you at @hotelgiovanni! ⏳
.
#PICF #PICF2025 #PragueMasters #chess #chessboard #Masters #Challengers @czechinnhotels @karel252 #Futures",0,"01/25/2025 08:03",https://www.instagram.com/p/DFQSvuno-NY/,"IG image",,Dlouhodobě,824,547,24,1,0,1,0
17974130363811304,17841409576254354,praguechessfestival,"Prague Chess Festival","The return of king Sam and Aravindh on the rise to glory! 🤩

Good news. We still have a lot to offer you. Meet more of our Masters! The American 2021 champion GM Sam Shankland will return after a one-year break. Will he be the first one who’ll take the crown for the second time?

New, but powerful competition, has the name Aravindh Chithambaram.  The Indian GM crossed the 2700 mark in July and he ended the year with a valuable victory at the prestigious Chennai Grand Masters. ♟
.
#chess #chessboard #picf #picf2025 #praguemasters #prague #samshankland #AravindhChithambaram #ChennaiGrandMasters @chennai_gm",0,"01/28/2025 06:40",https://www.instagram.com/p/DFX3qAzodJR/,"IG carousel",,Dlouhodobě,1219,686,37,0,0,0,0
18105915646479859,17841409576254354,praguechessfestival,"Prague Chess Festival","🇨🇿 Czech this out! Some strong lineup on our home base. Václav Finěk and Richard Stalmach are returning for their third appearance, Jáchym Němec is coming with his debut on PICF! More about our favorite (no bias, of course) Challengers on our website! 👆🏻
.
#PICF #PICF2025 #Challengers #PragueMasters #Prague #chess #chessgame #chessboard #czechchess #vaclavfinek #richardstalmach #jachymnemec",0,"01/28/2025 13:13",https://www.instagram.com/p/DFYkrNGo5gl/,"IG carousel",,Dlouhodobě,1917,1001,85,2,2,0,3
17882269692218540,17841409576254354,praguechessfestival,"Prague Chess Festival","🔝 Van just won! Huge congratulations to our 🇨🇿hero @thaidaivan_nguyen who just won #Challengers at the @tatasteelchess! What a way to get in the game before the main event at @praguechessfestival. Well deserved! Enjoy! 👏🤩
.
#chess #tatasteel #thaidaivannguyen #chessboard #chessgame",0,"02/02/2025 09:18",https://www.instagram.com/p/DFlBrQ2I1i-/,"IG image",,Dlouhodobě,2154,1345,102,2,0,0,3
18021076256418882,17841409576254354,praguechessfestival,"Prague Chess Festival","Another champion with travel plans to Prague! 🏆👈 We cheer for you @pragg_chess and can’t wait to see the new shiny trophy! Congrats from #PICF team! What a year at @tatasteelchess! 👏
.
#praggnanandhaa #tatasteel #chess #chessgame #chessmaster #picf2025",0,"02/02/2025 13:02",https://www.instagram.com/p/DFlbWmxIB_q/,"IG carousel",,Dlouhodobě,6623,4105,565,3,4,3,17
17999160227559053,17841409576254354,praguechessfestival,"Prague Chess Festival","World’s no. 1 and jeans lover #MagnusCarlsen and #IanNepomniachtchi, current no. 8. Our new #WorldBlitz champions!🏆

Top players sharing the spot on the big stage. We have seen it in sports all around, but is that right? We love to hear your thoughts!💬👇
📷 L. Ootes, M. Walusza
.
#blitz #worldblitzchampionship #carlsen #nepo #nepomniachtchi #fide #chess #chessgame",0,"01/03/2025 06:57",https://www.instagram.com/p/DEXhrefIUc5/,"IG image",,Dlouhodobě,1374,863,32,0,0,1,0
18061747906924233,17841409576254354,praguechessfestival,"Prague Chess Festival","💪 The winner takes it all! Let us add some promising #Challengers to our 2025's roster! In the left corner, the youngest Dane grandmaster in history @jonasbbjerre. In the right, three times Uzbek champion, gold medalist of Qatar Masters and personal nemesis to PICF last winner Nodirbek Abdusattorov, nodirbekyakubboev. Could they take the crown and play Masters in 2026?
.
#PICF #PICF2025 #PragueMasters #Prague #JonasBjerre #NodirbekYakubboev #chess #chessgame",0,"01/10/2025 22:56",https://www.instagram.com/p/DErRAfmC_hd/,"IG carousel",,Dlouhodobě,16693,3867,155,1,2,6,1
